Afghanistan,Bahrain,Bangladesh,Canada,China,Egypt,Emirates,France,Germany,India,Indonesia,Iran,Iraq,Italy,Japan,Jordan,Kazakhstan,Kuwait,Lebanon,Libya,Malaysia,Mauritania,Morocco,Nigeria,North Korea,Norway,Oman,Pakistan,Palestine,Philippines,Qatar,Russia,Saudi Arabia,South Korea,Spain,Sudan,Sweden,Syria,Tunisia,Turkey,United Kingdom,United States,Yemen
Achin,Aali,Abhaynagar,Abbotsford,Aksu,10th of ramadan ci...,Abu dabi,Aix en provence,Aachen,Adilabad,Ambon,Abadan,Al qaim al anbar,Abruzzo,Amagasaki,Ajlun,Abay,Adailiyah,Akka,Al marj,Batu pahat,Adel bagrou,Agadir,Abeokuta,Anju,Ålesund,Adam,Ahmadpur east,Gaza,Angeles,Abu hamur,Abakan,Aba ad dud,Busan,A coruna,Atbara,Ängelholm,Al ladhiqiyah,Ariana,Adana manisa,Aberdeen,Abilene,Abawil
Anar darreh,Al malikiyah,Badarganj,Ajax,Altay,Abnub,Ajman,Ajaccio,Augsburg,Agra,Balikpapan,Abhar,An najaf,Acerra,Chiba,Amman,Aksay,Al aridiyah,Baalbek,Benghazi,Butterworth,Akjoujt,Ahfir,Abuja,Chongjin,Bergen,Buraimi,Arifwala,Haifa,Angono,Al khawr,Achinsk,Abaqaiq,Chuncheon,Alacant,Aweil,Arboga,Aleppo halab,Bizerte,Adapazari sakarya,Armagh,Akron,Abs
Andkhvoy,Budaiya,Bajitpur,Alberta,Anqing,Abu hammad,Ajman,Amiens,Bergisch gladbach,Ahmadabad,Banda aceh,Ahar,Anah al anbar,Acireale,Fujisawa,Aqaba,Almaty,Al jahara,Beirout,Garian,Gombak,Aleg,Al hoceima,Bauchi,Chongju,Drammen,Ghubrah,Attock city,Hebron,Antipolo,Al rayyan,Aleksin,Abha,Daejeon,Albacete,Bentiu,Arvika,Ar raqqah,Djerba,Alacahaci,Bangor,Allentown,Ad dahi
Asmar,Isa town,Bandarban,Barrie,Anshan,Abu hummus,Al ain,Angers,Berlin,Aligarh,Bandar lampung,Ahvaz,Anbar baghdad,Afragola,Fukuoka,Az zarqa,Aqsu,Al qurayn,Jbail,Hon,Hulu langat,Atâr,Beni mellal,Birnin Kudu,Haeju,Fredrikstad,Ibra,Badin,Khan younis,Apalit,Dahail,Alexandrov,Abhur al janubiyah,Goyang,Alcala de henares,Darfur,Askersund,Bosra,Douz,Alanya antalya,Bath somerset,Amarillo,Ad dahirah
At khvajeh,Jidhafs,Baniachang,Belleville,Anyang,Abu kabir,Al Awir,Antibes,Bielefeld,Allahabad,Bandung,Akbarabad,Aqrah,Agrigento,Fukuyama,Irbed,Aqtobe,Bayan,Saida lebanon,Intisar,Kinta,Ayoun el atrous,Berkane,Damasak,Hamhŭng,Kristiansand,Izki,Bahawalnagar,Nablus,Arayat,Dakhira,Almetyevsk,Abi arish,Gwangju,Alcobendas,Dilling,Avesta,Damas or dimashq,Gabes,Altindag,Belfast,Anaheim,Ad dimnah
Baghlan,Madinat hamad‎,Barahanuddin,Blainville,Bangbu,Abu qirqas,Al Dhaid,Antony,Bochum,Aurangabad maharas...,Banjar,Aligudarz,Arbil,Alessandria,Funabashi,Jerash,Aral,Burqan,Trablous,Khoms,Klang,Bababé,Casablanca,Dukku,Hoeryŏng,Oslo,Mascat,Bahawalpur,Rafah,Bacolod,Doha ad dawhah,Altai krai,Abraqiyah,Hongcheon,Alcorcon,Dongola,Boden,Deir ez zor,Hammamet,Altinozu,Birmingham us,Anchorage,Ad dirjaj
Balkh,Manama,Barisal,Brampton,Baoding,Abu tig,Al fujairah,Argenteuil,Bonn,Bangalore,Banjarbaru,Alvand,Babylon,Altamura,Gifu,Jordan,Arqalyq,Dasma,Tyre,Misurata,Kota bharu,Bareina,Chefchaouene,Gombe,Huichon,Porsgrunn,Nizwa,Bhakkar,Ram allah,Bacoor city,Dukhan,Anapa,Abu dhiba,Jejudo,Algeciras,Ed damazin,Borgholm,Deraa,Jendouba,Amasiyah,Bradford,Ann arbor,Ad dis
Baraki barak,Muharraq,Bera,Brantford,Baoji,Abul matamir,Al Gharbia,Arles,Bottrop,Baroda madhya prad...,Banjarmasin,Amol,Baghdad,Ancona,Hachioji,Karak,Astana,Fahaheel,Zahle,Sabha,Kota kinabalu,Bogué,El jadida,Ibadan,Hyesan,Stavanger,Rustaq,Bhalwal,,Bago city,Fuwayrit,Angarsk,Abu diha,Jeonju,Algorta,El fasher,Eskilstuna,Hama,Kairouan,Ankara,Bristol,Antioch,Adab bir bahmain
Char burj,Riffa,Bhairab bazar,Brossard,Baotou,Akhmim,Dubai,Asnières sur seine,Bremen,Bharuch gujarat,Batam,Arak,Baghdadi,Andria,Hamamatsu,Madaba,Asykata,Failaka,,Sabratha,Kota setar,Boû gâdoûm,Er rachidia,Ilorin,Kaechon,Trondheim,Ruwi,Chakwal,,Baguio,Lusail,Anzhero sudzhensk,Abu hadriya,Seongnam,Almeria,El geneina,Fagersta,Hasakeh,Kasserine,Antalya,Cambridge uk,Arlington,Adan as sughra
Charikar,Sanabis,Bhandaria,Burlington,Bazhong,Al baliyana,Ras al khaima,Aubervilliers,Bremerhaven,Bhopal madhya prad...,Bau bau,Ardabil,Baiji,Anzio,Himeji,Mafraq,Atasu,Farwaniah,,Sert,Kuala lumpur,Boû steïlé,Fes,Jos,Kaesŏng,,Saham,Chaman,,Baliuag,,Apatity,Abu irwah,Seoul,Aviles,El obeid,Falkenberg,Homs or hims,Ksar kellal,Arap,Cardiff,Arvada,Adarib
Chiras,Sitra,Bheramara,Burnaby,Beihai,Al fashn,Ruwais,Aulnay sous bois,Brunswick,Bhubaneswar orissa,Bekasi,Azadshahr,Balad ruz,Aprilia,Hirakata,Mutah,Atbasar,Fayha,,Tobruk,Kuala muda,Boutilimit,Figuig,Kaduna,Kanggye,,Salala,Charsadda,,Batangas,,Arkhangelsk,Abu marwah,Suwon,Badajoz,Gedaref,Falun,Idleb,Mahdia,Ardahan,Chester,Athens clarke,Aden
Dahaneh ye ghowri,Tubli,Bhola,Caledon,Beijing,Al fayoum,Sharijah,Avignon,Chemnitz,Bombay maharashtra,Bengkulu,Babol,Balad salah ad din,Arezzo,Hiroshima,Petra,Atyrau,Gurain,,Tripoli tarabulus,Kuala terengganu,El kseïba,Ifrane,Kano,Kimchaek,,Sohar,Chichawatni,,Bayambang,,Armavir,Abyar ali,,Badalona,Heglig,Filipstad,Meyadine,Metlaoui,Arsus,Chichester,Atlanta,Afish
Darvishan,,Chhagalnaiya,Calgary,Benxi,Al gharbiyah,,Beauvais,Cologne,Calcutta,Bima,Bam,Basra,Ascoli piceno,Ichikawa,Ramtha,Ayakoz,Hamran,,Ubari,Kuantan,Guérou,Kenitra,Katsina,Kusong si,,Sur,Chishtian mandi,,Bayawan city,,Arsenyev,Ad dadiyah,,Barakaldo,Jabal awliya dam,Flen,Rakka,Moknine,Artvin,City of canterbury,Augusta richmond,Afk
Darzab,,Chhatak,Chatham kent,Binzhou,Al giza,,Besançon,Cottbus,Chandigarh,Binjai,Bandar e anzali,Dibis,Asti,Kagoshima,Sahab,Ayteke bi,Hawalli,,Waddan,Kuching,Guidimaka,Khouribga,Kebbi,Munchon,,,Dadu,,Baybay city,,Artem,Ad daff,,Barcelona,Juba,Gothenburg,Tartous,Monastir,Ayintap,City of carlisle,Aurora,Ahmad rashid
Dasht e archi,,Chilmari,Chilliwack,Bozhou,Al hamool,,Bondy,Darmstadt,Cochin kerala,Bitung,Bandar e bushehr,Diyala,Avellino,Kanazawa,Salt,Balkhash,Jalib ash shuyukh,,Zawia,Malacca,Hamoud,Laayoune,Kwara,Nampho,,,Daska,,Binãn,,Arzamas,Ad dahinah,,Benidorm,Kadugli,Hagfors,Zabadani,Msaken,Balikesri,City of chelmsford,Austin texas,Ahwar
Dorufchah,,Chittagong,Clarington,Cangzhou,Al husseinieh,,Bordeaux,Dortmund,Coimbatore tamil n...,Blitar,Baneh,Dohuk,Aversa,Kawaguchi,Shaubak,Balpyk bi,Jazirat failaka,,Zintan,Petaling,Kaédi,Larache,Lagos,Phyŏngsŏng,,,Dera ismail khan,,Binangonan,,Asbest,Ad dahis,,Bilbao,Kassala,Halmstad,,Nabeul,Bartan,City of lancaster,Bakersfield,Aidar
Emam saheb,,Comilla,Coquitlam,Changchun,Al jizah,,Boulogne billancou...,Dresden,Goa,Bogor,Behbahan,El zubair,Bagheria,Kawasaki,Souf,Balyqshy,Jilaia,,Zlitan,Sandakan,Kiffa,Marrakech,Lekki,Pyongyang,,,Dipalpur,,Bocaue,,Astrakhan,Ad dakhilah,,Burgos,Kenana,Haparanda,,Sfax,Bayrampasa,City of leeds,Baltimore,Ain
Eslam qaleh,,Dakshin char fasso...,Delta,Changde,Al kanayat,,Bourges,Duisburg,Gurgaon,Bontang,Behshahr,Erbil,Bari,Kitakyushu,Tafila,Baykonyr,Kaifan,,Zuara,Seremban,Magta lahjar,Meknes,Lokoja,Rason,,,Faisalabad,,Butuan city,,Azov,Ad dalah,,Caceres,Khartoum,Hedemora,,Sousse,Belikesir,City of london,Baton rouge,Al abadiyah
Farakh,,Dhaka,Dollard des ormeau...,Changsha,Al mansha,,Brest,Dusseldorf,Hyderabad,Bukittinggi,Birjand,Erech,Barletta,Kobe,Wadi musa,Beyneu,Khaitan,,,Taiping,Mâl,Midelt,Maiduguri,Sariwŏn,,,Gojra,,Cabanatuan city,,Balakhna,Ad dalfaah,,Cadiz,Kosti,Helsingborg,,Tataouine,Bodrum,City of preston la...,Beaumont,Al abdin
Farkhar,,Dinajpur,Drummondville,Changzhou,Al quseir,,Caen,Erfurt,Indore,Cilegon,Bojnurd,Eridu,Battipaglia,Kumamoto,Yarmuk,Burunday,Kuwait,,,Tawau,Néma,Mohammedia,Makurdi,Sinpo,,,Gujar khan,,Cabuyao city,,Balakovo,Ad darb,,Cartagena,Kutum,Hjo,,Tozeur,Bulair,City of salford,Bellevue,Al abr
Feyzabad,,Dohar,Edmonton,Chaozhou,Al waqf,,Calais,Erlangen,Jaipur rajasthan,Cimahi,Bonab,Eufrate,Benevento,Kurashiki,,Derzhavinsk,Ouarba,,,,Nouadhibou,Nador,Minna,Sinŭiju,,,Gujranwala,,Cadiz city,,Balashikha,Ad dawadami,,Castello de la pla...,Malakal,Hudiksvall,,Tunis,Bursa,City of st albans,Berkeley,Al abuq
Gardez,,Faridpur,Fredericton,Chengdu,Al wasta,,Cannes,Essen,Jamshedpur,Cirebon,Borazjan,Fallujah,Bergamo,Kyoto,,Dzhetygara,Qurtubah,,,,Nouakchott,Oujda,Mubi,Songnim,,,Harunabad,,Cagayan de oro,,Balashov,Ad dawadimi,,Ceuta,Medani,Huskvarna,,Zarzis,Cabakcur,City of sunderland,Billings,Al adan
Gereshk,,Fatikchari,Gatineau,Chifeng,Alexandria,,Cergy,Frankfurt,Kannur kerala,Denpasar,Borujerd,Haditha,Bisceglie,Machida,,Dzhusaly,Rumaithiya,,,,Rosso,Rabat,Niger,Sunchŏn,,,Hasilpur,,Cainta,,Bashkortostan,Ad dawqah,,Chiclana de la fro...,Nyala,Kalmar,,,Cideyde,City of wakefield,Birmingham,Al adharib
Ghazni,,Feni,Granby,Chongqing,Armant,,Chambéry,Freiburg,Karur tamil nadu,Depok,Bukan,Hilla,Bitonto,Matsudo,,Ekibastuz,Salwa,,,,Sangrave,Safi,Port Harcourt,Tanchŏn,,,Haveli,,Calamba,,Bataysk,Ad dihalah,,Ciudad real,Omdurman,Kalmar county,,,Cylanpinar,City of westminste...,Boise city,Al adin
Herat,,Gafargaon,Grande prairie,Chuzhou,Ash shuhada,,Champigny sur marn...,Gelsenkirchen,Kasaragod kerala,Dumai,Chalus,Ishaqi,Bologna,Nagasaki,,Emba,Shuwaikh,,,,Sélibaby,Settat,Sokoto,Tokchon,,,Islamabad,,Calapan city,,Belebey,Ad dihwah,,Ciutat vella,Rabak,Karlshamn,,,Dehebi,City of winchester,Boston,Al ahadiyah
Jabal os saraj,,Gaurnadi,Greater sudbury,Dalian,Ashmoun,,Châtillon le duc,Hagen,Kerala tamil nadu,Gorontalo,Damghan,Iskandariya,Bolzano,Nagoya,,Esil,Wafra,,,,Tidjikja,Tangier,Uyo,Wŏnsan,,,Jalalpur,,Calbayog city,,Belgorod,Ad dilam,,Cordoba,Sennar dam,Karlskoga,,,Denizli,Coventry,Boulder,Al ajalah
Jalalabad,,Habiganj,Guelph,Dandong,Assiut,,Chelles,Halle (saale),Kozhikode,Gunungsitoli,Darab,Kalar,Brescia,Nerima,,Georgievka,,,,,Timbédra,Taroudannt,Wukari,,,,Jaranwala,,Caloocan city,,Belogorsk,Ad dulaymiyah,,Cornella de llobre...,Shandi,Karlskrona,,,Dircem,Derby,Bridgeport,Al alawi
Jorm,,Hajiganj,Halifax,Daqing,Aswan,,Cholet,Hamburg,Lucknow,Jakarta,Deh dasht,Karbala,Brindisi,Niigata,,Glubokoe,,,,,Tintane,Taza,Zaria,,,,Kahror pakka,,Calumpit,,Belorechensk,Ad dumayriyah,,Coslada,Unity,Karlstad,,,Diyarbakir,Derry,Broken arrow,Al anad
Kabul,,Ishurdi,Halton hills,Datong,Bagour,,Clamart,Hamm,Madras,Jambi,Esfahan,Khalis,Busto arsizio,Nishinomiya,,Inderbor,,,,,Trarza,Temara,,,,,Kamalia,,Candaba,,Beloretsk,Ad duriyah,,Delicias,Wau,Katrineholm,,,Diyaribakir,Dundee,Brownsville,Al aqqad
Kalat i ghilzai,,Jaipur hat,Hamilton,Dezhou,Baltim,,Clermont ferrand,Hanover,Madurai tamil nadu,Jayapura,Esfarayen,Kirkuk,Cagliari,Oita,,Kachar,,,,,Walatah,Tetouan,,,,,Kambar,,Candelaria,,Belovo,Adan,,Dos hermanas,Zalingei,Kiruna,,,Dolu,Durham uk,Buffalo,Al ar
Kandahar,,Jamalpur,Kamloops,Dongguan,Banha,,Clichy,Heidelberg,Malappuram,Katapang,Eslamshahr,Kubaisa,Caltanissetta,Okayama,,Kapchagai,,,,,Zouérat,,,,,,Kandhkot,,Capas,,Berdsk,Adhaim,,Eixample,,Kramfors,,,Edemli,Edinburgh,Burbank,Al arbadi
Karokh,,Jessore,Kawartha lakes,Dongying,Bani suwayf,,Colmar,Heilbronn,Mangalore karnatak...,Kebumen,Fasa,Kufa,Campobasso,Osaka,,Karagandy,,,,,,,,,,,Karachi,,Carcar city,,Beryozovsky,Afif,,El ejido,,Kristianstad,,,Edessa,Ely cambridgeshire,Cambridge,Al aslamah
Khanabad,,Jhikergacha,Kelowna,Ezhou,Basyoun,,Colombes,Herne,Meerut city,Kediri,Firuzabad,Kut,Carpi,Sagamihara,,Kazygurt,,,,,,,,,,,Khairpur,,Cauayan city,,Birobidzhan,Aflaj,,El puerto de santa...,,Kristinehamn,,,Edirne,Exeter,Cape coral,Al baidhah
Khandud,,Kalia,Kingston,Fushun,Beila,,Courbevoie,Hildesheim,Moradabad,Kendari,Gonbad e kavus,Mosul,Carrara,Sakai,,Kentau,,,,,,,,,,,Khanpur,,Cavite city,,Biysk,Ahad al masarihah,,Elx,,Kumla,,,Egdir,Glasgow,Carlsbad,Al balad
Khost,,Kaliganj,Kitchener,Fuxin,Belbeis,,Créteil,Ingolstadt,Mysore,Kudus,Gorgan,Nasiriyah,Casalnuovo di napo...,Sapporo,,Khromtau,,,,,,,,,,,Kharian,,Cebu city,,Blagoveshchensk,Ahl muhammad,,Ferrol,,Kungsbacka,,,Elaziz,Hereford,Carrollton,Al batnah
Konduz,,Kaptaimukh,Langley,Fuyang,Beni mazar,,Dijon,Jena,Nagpur maharashtra,Kupang city,Hamadan,Owja,Caserta,Sendai,,Kokshetau,,,,,,,,,,,Khushab,,City of iriga,,Bor,Ahsa,,Fuenlabrada,,Laholm,,,Elbistan,Inverness,Cary,Al buqa
Kuhestan,,Kesabpur,Lethbridge,Fuzhou,Biba,,Drancy,Karlsruhe,New delhi,Langsa,Homayunshahr,Ramadi,Casoria,Shizuoka,,Kyzylorda,,,,,,,,,,,Khuzdar,,City of ligao,,Borisoglebsk,Ain ibn fuhaid,,Getafe,,Landskrona,,,Ertugrul,Kingston upon hull,Cedar rapids,Al falaq
Kushk,,Khagrachari,Levis,Ganzhou,Bilqas,,Dunkirk,Kassel,Patna,Lhokseumawe,Ilam,Rawa,Castellammare di s...,Tokyo,,Lenger,,,,,,,,,,,Kot addu,,Concepcion,,Borovichi,Ain rig,,Gijon,,Lindesberg,,,Erzerum,Leicester,Centennial,Al fash
Mazar e sharif,,Khulna,Longueuil,Garze,Bush,,Épinay sur seine,Kiel,Pondicherry,Lubuklinggau,Iranshahr,Rutba,Catania,Toyohashi,,Lisakovsk,,,,,,,,,,,Kot malik,,Consolacion,,Bratsk,Ainah,,Girona,,Ljungby,,,Erzurum,Lichfield,Chandler,Al fatk
Mehtar lam,,Kishorganj,Maple ridge,Guangzhou,Cairo,,Évry,Koblenz,Pune,Madiun,Kahriz,Saimarreh,Catanzaro,Toyonaka,,Lugovoy,,,,,,,,,,,Kotri,,Cotabato city,,Bryansk,Ainain,,Granada,,Ludvika,,,Eskisehir,Lincoln uk,Charleston,Al faydami
Mirabad,,Kushtia,Markham,Guigang,Dairut,,Fontenay sous bois,Krefeld,Quilon kerala,Magelang,Kamyaran,Taji,Cava de' tirreni,Utsunomiya,,Makinsk,,,,,,,,,,,Lahore,,Dagupan,,Budyonnovsk,Ajaj,,Guadalajara,,Lund,,,Fenaket,Lisburn,Charlotte north ca...,Al ghaidha
Mohmand darrah,,Laksham,Medicine hat,Guilin,Damanhour,,Fort de france bay,Leipzig,Ranchi jharkhand,Makassar,Karaj,Thi qar,Cerignola,Yokohama,,Maqat,,,,,,,,,,,Lala musa,,Danao,,Bugulma,Ajama,,Huelva,,Lycksele,,,Gaziantep,Liverpool,Chattanooga,Al gharah
Nahrin,,Lakshmipur,Milton,Guiyang,Damanhur,,Fréjus,Leverkusen,Srinagar jammu and...,Malang,Kashmar,Tikrit,Cesena,Yokosuka,,Merke,,,,,,,,,,,Leiah,,Daraga,,Buynaksk,Al abar,,Jaen,,Lysekil,,,Gaziosmanpasa,London,Chesapeake,Al ghiras
Nawab city,,Lalmanir hat,Mississauga,Haerbin,Damiata,,Grasse,Ludwigshafen,Surat gujarat,Manado,Kazerun,Zakho,Chieti,Yono,,Moyynqum,,,,,,,,,,,Lodhran,,Dasmariñas city,,Buzuluk,Al ad duwayh,,Jerez de la fronte...,,Mariefred,,,Gokceoba,Manchester uk,Chicago,Al ghul
Paghman,,Lalmohan,Moncton,Haikou,Damietta,,Grenoble,Magdeburg,Thrissur kerala,Mataram,Kerman,,Chioggia,,,Oral,,,,,,,,,,,Mailsi,,Davao city,,Chapayevsk,Al adhiriyah,,La laguna,,Mariestad,,,Gudge,Newcastle upon tyn...,Chula vista,Al ghuraf
Panjab,,Madaripur,Montreal,Handan,Dar as salam,,Hyères,Mainz,Tirunelveli,Medan,Kermanshah,,Cinisello balsamo,,,Pavlodar,,,,,,,,,,,Mandi bahauddin,,Digos city,,Chaykovsky,Al adl,,Las palmas de gran...,,Marstrand,,,Guebze,Newport wales,Cincinnati,Al ghurfah
Pol e khomri,,Manikchhari,Nanaimo,Hangzhou,Daraw,,Issy les moulineau...,Mannheim,Trivandrum,Metro,Khash,,Civitavecchia,,,Petropavlovsk,,,,,,,,,,,Mansehra,,Dipolog city,,Cheboksary,Al ahmar,,Las rozas de madri...,,Motala,,,Guelibolou,Newry,Clarksville,Al habilayn
Pul i alam,,Mathbaria,New westminster,Hefei,Deir mawas,,Ivry sur seine,Moers,,Mojokerto,Khomeyn,,Collegno,,,Qaraghandy,,,,,,,,,,,Mian channun,,Dumaguete,,Chekhov,Al ajfar,,Leganes,,Nora,,,Gumusane,Norwich,Clearwater,Al hadan
Qal`eh shahr,,Mehendiganj,Newmarket,Hegang,Desouk,,La rochelle,Munich,,North maluku,Khorramabad,,Como,,,Qaratau,,,,,,,,,,,Mianwali,,Floridablanca,,Chelyabinskaya,Al ajrumiyah,,Leon,,Nybro,,,Hakari,Nottingham,Cleveland,Al hajajah
Qaravol,,Mirzapur,Niagara falls,Hengyang,Dikirnis,,Laval,Neuss,,Padang,Khorramshahr,,Cosenza,,,Qostanay,,,,,,,,,,,Moro,,Gapan city,,Cheremkhovo,Al akhal,,Lleida,,Örebro,,,Hara,Oxford,Colorado springs,Al hajarain
Qarchi gak,,Morrelganj,North bay,Heze,Dishna,,Le blanc mesnil,Nuremberg,,Padang panjang,Khvoy,,Cremona,,,Ridder,,,,,,,,,,,Multan,,General mariano al...,,Cherepovets,Al amar,,Logrono,,Öregrund,,,Harziye,Perth, scotland,Columbia,Al hami
Qareh bagh,,Moulvi bazar,North vancouver,Hezhou,Drib nigm,,Le havre,Oberhausen,,Padang sidempuan,Kuhdasht,,Crotone,,,Rudnyy,,,,,,,,,,,Narowal,,General santos,,Cherkessk,Al amarah,,Lorca,,Oskarshamn,,,Hatyan,Peterborough,Columbus,Al hamidi
Qarqin,,Muktagacha,Nova scotia,Hohhot,Edfu,,Le mans,Offenbach,,Pagar alam,Langerud,,Cuneo,,,Sarkand,,,,,,,,,,,Nowshera cantonmen...,,General trias,,Chernogorsk,Al amlah,,Lugo,,Östersund,,,Hitma,Plymouth,Columbus ohio,Al hanu
Rostaq,,Mymensingh,Oakville,Huaian,Edko,,Levallois perret,Oldenburg,,Palangka raya,Mahabad,,Emilia romagna,,,Saryagash,,,,,,,,,,,Pakpattan,,Gingoog,,Chistopol,Al ammaj,,Madrid,,Östhammar,,,Hosyan,Portsmouth,Concord,Al harf
Rudbar,,Nabinagar,Oshawa,Huaibei,El arish,,Lille,Paderborn,,Palembang,Malayer,,Ercolano,,,Sarykemer,,,,,,,,,,,Pano aqil,,Glan,,Chita,Al aqiq,,Malaga,,Ronneby,,,Ilez,Ripon,Coral springs,Al hawi
Samangan,,Nageswari,Ottawa,Huainan,El badari,,Limoges,Pforzheim,,Palopo,Marand,,Faenza,,,Saryozek,,,,,,,,,,,Pattoki,,Guagua,,Derbent,Al arfajiyah,,Manresa,,Sala,,,Iskenderon,Salisbury,Corona,Al hazm
Sangin,,Nalchiti,Pickering,Huangshi,El gamalia,,Lorient,Potsdam,,Palu,Mashhad,,Fano,,,Semipalatinsk,,,,,,,,,,,Peshawar,,Guimba,,Dimitrovgrad,Al arin,,Marbella,,Sandviken,,,istamboul istanbul,Sheffield,Corpus christi,Al hilla
Sar e pol,,Narail,Port coquitlam,Huizhou,El ghanayem,,Lyon,Recklinghausen,,Pangkal pinang,Masjed e soleyman,,Ferrara,,,Shakhan,,,,,,,,,,,Sargodha,,Hagonoy,,Dmitrov,Al arine,,Mataro,,Sigtuna,,,Izmir,Southampton,Costa mesa,Al hinw
Shahrag,,Narayanganj,Prince george,Huludao,El kanater,,Maisons alfort,Regensburg,,Pariaman,Miandoab,,Fiumicino,,,Shardara,,,,,,,,,,,Shabqadar,,Himamaylan city,,Dolgoprudny,Al artawi,,Melilla,,Simrishamn,,,Izparta,St asaph,Dallas texas,Al hisn
Sheberghan,,Narsingdi,Quebec,Jiamusi,El mahalla el kubr...,,Marseille,Remscheid,,Pasuruan,Minab,,Florence,,,Shchuchinsk,,,,,,,,,,,Shahdadkot,,Ilagan city,,Domodedovo,Al artawiyah,,Mostoles,,Skara,,,Kahramanmaras,St davids,Daly city,Al humrurah
Sindand,,Nawabganj,Red deer,Jiangmen,El mahmoudiyah,,Mérignac,Reutlingen,,Payakumbuh,Nahavand,,Foggia,,,Shemonaikha,,,,,,,,,,,Shahdadpur,,Iligan,,Donetsk,Al asamir,,Murcia,,Solna,,,Kaisaria,Stirling,Davenport,Al husen
Tagao,,Netrakona,Regina,Jiaozuo,El mansoura,,Metz,Rostock,,Pekalongan,Najafabad,,Foligno,,,Shetpe,,,,,,,,,,,Shorko,,Iloilo city,,Donskoy,Al ataya,,Nou barris,,Stockholm,,,Kalolimno,Stoke on trent,Dayton,Al huwaymi
Taloqan,,Pabna,Repentigny,Jiaxing,El matareya,,Montauban,Salzgitter,,Pekanbaru,Naqadeh,,Gallarate,,,Shieli,,,,,,,,,,,Shujaabad,,Imus city,,Dubna,Al attar,,Orihuela,,Stockholm county,,,Karakilise,Swansea,Denton,Al jabjab
Tashqorghan,,Palang,Richmond hill,Jilin,El minya,,Montpellier,Siegen,,Pematangsiantar,Nazarabad,,Gela,,,Shu,,,,,,,,,,,Sialkot,,Kabankalan city,,Dzerzhinsk,Al awda,,Ourense,,Sundbyberg,,,Karamut,Truro,Denver colorado,Al jabub
Tokzar,,Panchagarh,Saanich,Jinan,El qantara,,Montreuil,Solingen,,Pontianak,Neyshabur,,Genoa,,,Shubarkuduk,,,,,,,,,,,Swabi,,Kidapawan city,,Elektrostal,Al awjam,,Oviedo,,Sundsvall,,,Kasbasi,Wells somerset,Des moines,Al janad
Uruzgan,,Par naogaon,Saguenay,Jingzhou,El ubour,,Mulhouse,Stuttgart,,Prabumulih,Nurabad,,Giugliano in campa...,,,Shymkent,,,,,,,,,,,Tando adam,,Koronadal city,,Elista,Al awqair,,Palencia,,Tidaholm,,,Kayseri,Wolverhampton,Detroit michigan,Al jaraf
Zareh sharan,,Parbatipur,Saint hyacinthe,Jinhua,Esna,,Nancy,Trier,,Probolinggo,Parsabad,,Grosseto,,,Stepnogorsk,,,,,,,,,,,Tando allahyar,,La trinidad,,Engels,Al awqayr,,Palma,,Trelleborg,,,Kecibeli koyu,Worcester uk,Downey,Al jarashah
Zarghun shahr,,Patiya,Saint jean sur ric...,Jining,Etay el barud,,Nanterre,Ulm,,Sabang,Qarchak,,Guidonia,,,Taiynsha,,,,,,,,,,,Tando muhammad kha...,,Laoag city,,Essentuki,Al awshaziyah,,Pamplona,,Trosa,,,Kers,York,Durham,Al jarba
Zendeh jan,,Phultala,Saint jérôme,Jiujiang,Faqous,,Nantes,Wiesbaden,,Salatiga,Qazvin,,Imola,,,Taldyqorghan,,,,,,,,,,,Toba tek singh,,Lapu lapu city,,Fryazino,Al bad,,Parla,,Uddevalla,,,Kicili,,El cajon,Al jarrahi
,,Pirganj,Saint john,Kaifeng,Faraskur,,Narbonne,Wolfsburg,,Samarinda,Qom,,La spezia,,,Talghar,,,,,,,,,,,Turbat,,Las pinas,,Gatchina,Al badai,,Ponferrada,,Ulricehamn,,,Kifa,,El monte,Al jihail
,,Pirojpur,Sarnia,Karamay,Farshut,,Neuilly sur seine,Wuppertal,,Sawah lunto,Qorveh,,Lamezia terme,,,Taraz,,,,,,,,,,,Vihari,,Legazpi city,,Gelendzhik,Al badawi,,Pontevedra,,Uppsala,,,Kiresun,,El paso texas,Al kadarah
,,Raipur,Saskatoon,Kashi(kaxgar),Fuwa,,Nice,,,Semarang,Quchan,,Latina,,,Tasboget,,,,,,,,,,,Wazirabad,,Libmanan,,Georgiyevsk,Al baha,,Pozuelo de alarcon,,Vadstena,,,Kirkkilissa,,Elgin,Al kawd
,,Rajshahi,Sault ste. marie,Kunming,Girga,,Nimes,,,Serang,Rafsanjan,,Lecce,,,Tekeli,,,,,,,,,,,,,Liloan,,Glazov,Al bahah,,Reus,,Varberg,,,Kizilkale koyu,,Elizabeth,Al khalaf
,,Ramganj,Shawinigan,Laiwu,Hehya,,Niort,,,Sibolga,Rasht,,Legnano,,,Temirlanovka,,,,,,,,,,,,,Lipa,,Gorno altaysk,Al baharah,,Rubi,,Vaxholm,,,Konya,,Elk grove,Al khalili
,,Rangpur,Sherbrooke,Langfang,Helwan,,Noisy le grand,,,Sidoarjo,Robat karim,,Livorno,,,Temirtau,,,,,,,,,,,,,Los baños,,Grozny,Al barabir,,Sabadell,,Vetlanda,,,Korlu,,Erie,Al khawkhah
,,Raojan,St. albert,Lanzhou,Hosh issa,,Orléans la source,,,Singkawang,Sabzevar,,Lucca,,,Turar ryskulov,,,,,,,,,,,,,Lubao,,Gubkin,Al barik,,Salamanca,,Vimmerby,,,Kucukdalyan,,Escondido,Al khiyam
,,Saidpur,St. catharines,Lhasa,Hurghada,,Pantin,,,Solok,Salmas,,Manfredonia,,,Turkestan,,,,,,,,,,,,,Lucena,,Gukovo,Al barkah,,San sebastian,,Visby,,,Kutahiyah,,Eugene,Al khul
,,Sakhipur,Surrey,Lianyungang,Ibshawai,,Paris,,,Sorong,Sanandaj,,Marano di napoli,,,Urzhar,,,,,,,,,,,,,Mabalacat city,,Gus khrustalny,Al barzah,,Sant cugat del val...,,Ystad,,,Malkaya,,Evansville,Al kirsh
,,Sandwip,Terrebonne,Liaocheng,Ismailia,,Pau,,,South tangerang,Saqqez,,Marsala,,,Ushtobe,,,,,,,,,,,,,Magalang,,Irkutskaya,Al basam,,Sant marti,,,,,Manasor,,Everett,Al kuba
,,Sarankhola,Thunder bay,Liaoyang,Itsa,,Perpignan,,,Sukabumi,Sari,,Massa,,,Yereymentau,,,,,,,,,,,,,Makati,,Ishim,Al bir,,Santa coloma de gr...,,,,,Mersin,,Fairfield,Al kumaym
,,Sarishabari,Toronto,Lijiang,Juhayna,,Pessac,,,Surabaya,Saveh,,Matera,,,Yesik,,,,,,,,,,,,,Malabon city,,Ishimbay,Al birk,,Santa cruz de tene...,,,,,Midyad,,Fargo,Al luhayya
,,Satkania,Trois rivières,Linfen,Kafr al sheikh,,Poitiers,,,Surakarta,Semnan,,Mazara del vallo,,,Zaysan,,,,,,,,,,,,,Malasiqui,,Iskitim,Al biyadi,,Santander,,,,,Mula,,Fayetteville,Al mafraq
,,Satkhira,Vaughan,Linyi,Kafr al zayat,,Quimper,,,Tangerang,Shahr e kord,,Messina,,,Zharkent,,,,,,,,,,,,,Malaybalay city,,Ivanovo,Al bukayriyah,,Santiago de compos...,,,,,Mus,,Fontana,Al magharib
,,Shahzadpur,Victoria,Lishui,Kafr el batikh,,Reims,,,Tanjung balai,Shahreza,,Milan,,,Zhetibay,,,,,,,,,,,,,Malita,,Ivanteyevka,Al buraykah,,Sevilla,,,,,Nardin,,Fort collins,Al mahall
,,Sherpur,Waterloo,Liuzhou,Kafr el dawwar,,Rennes,,,Tanjung pinang,Shahrud,,Modena,,,Zhezqazghan,,,,,,,,,,,,,Malolos,,Izberbash,Al burud,,Talavera de la rei...,,,,,Nisibin,,Fort lauderdale,Al mahallah
,,Shibganj,Welland,Lu'an,Kafr saad,,Roche sur yon (la),,,Tarakan,Shiraz,,Modica,,,Zyryanovsk,,,,,,,,,,,,,Mandaluyong,,Kaliningrad,Al bustan,,Tarragona,,,,,Odrin,,Fort wayne,Al mahfid
,,Sirajganj,Whitby,Luoyang,Khanka,,Roubaix,,,Tasikmalaya,Shushtar,,Molfetta,,,,,,,,,,,,,,,,Mandaue city,,Kaluga,Al butayn,,Telde,,,,,Osmaniye,,Fort worth texas,Al mahwit
,,Sylhet,Windsor,Ma'anshan,Kharga,,Rouen,,,Tebing tinggi,Sirjan,,Moncalieri,,,,,,,,,,,,,,,,Manila,,Kamensk shakhtinsk...,Al butayra,,Terrassa,,,,,Panderma,,Fremont,Al makhadir
,,Tangail,Winnipeg,Maoming,Khusus,,Rueil malmaison,,,Tegal,Tabriz,,Montesilvano,,,,,,,,,,,,,,,,Marawi city,,Kamensk uralsky,Al buwaybiyah,,Torrejon de ardoz,,,,,Pecerie,,Fresno,Al mansuriah
,,Teknaf,,Mianyang,Kom hamadah,,Saint andré les ve...,,,Tenggarong,Takestan,,Monza,,,,,,,,,,,,,,,,Marikina,,Kamyshin,Al daff,,Torrent,,,,,Pergamon,,Frisco,Al maras
,,Thakurgaon,,Mudanjiang,Kom ombo,,Saint denis,,,Ternate,Tehran,,Naples,,,,,,,,,,,,,,,,Marilao,,Kansk,Al fahd,,Torrevieja,,,,,Pethar,,Gainesville,Al marawiah
,,Tungi,,Nanchang,Kotoor,,Saint louis,,,Tomohon,Torbat e heydariye...,,Novara,,,,,,,,,,,,,,,,Mariveles,,Kaspiysk,Al faijah,,Valencia,,,,,Rireni,,Garden grove,Al mashriq
,,Tungipara,,Nanchong,Luksor,,Saint maur des fos...,,,Yogyakarta,Varamin,,Olbia,,,,,,,,,,,,,,,,Mati,,Kazan,Al faqirah,,Valladolid,,,,,Sakarya,,Garland,Al masrib
,,,,Nanjing,Luxor,,Saint nazaire,,,,Yazd,,Padua,,,,,,,,,,,,,,,,Mexico,,Kemerovo,Al fara,,Vigo,,,,,Sams,,Gilbert,Al matannah
,,,,Nanning,Maghagha,,Saint paul de venc...,,,,Zabol,,Palermo,,,,,,,,,,,,,,,,Meycauayan city,,Khabarovsk krai,Al farhaniyah,,Vitoria gasteiz,,,,,Satih,,Glendale,Al matrat
,,,,Nanping,Mallawi,,Saint quentin,,,,Zahedan,,Parma,,,,,,,,,,,,,,,,Midsayap,,Khanty mansiysk,Al fariyah,,Zamora,,,,,Semsan,,Glendale usa,Al mazhur
,,,,Nantong,Manfalut,,Sainte marie aux m...,,,,Zanjan,,Pavia,,,,,,,,,,,,,,,,Minglanilla,,Khasavyurt,Al farridah,,Zaragoza,,,,,Serai,,Grand prairie,Al midad
,,,,Nanyang,Marsa matruh,,Sarcelles,,,,,,Perugia,,,,,,,,,,,,,,,,Muntinlupa,,Khimki,Al farshah,,,,,,,Seydin,,Grand rapids,Al milah
,,,,Neijiang,Mashtul el sook,,Sartrouville,,,,,,Pesaro,,,,,,,,,,,,,,,,Naga,,Kineshma,Al fatihah,,,,,,,Sisam,,Green bay,Al misrakh
,,,,Ningbo,Matai,,Seyne sur mer (la),,,,,,Pescara,,,,,,,,,,,,,,,,Nasugbu,,Kirishi,Al fawwarah,,,,,,,Sokan,,Greensboro,Al mukha
,,,,Panjin,Menouf,,Strasbourg,,,,,,Piacenza,,,,,,,,,,,,,,,,Navotas city,,Kirov,Al furaysh,,,,,,,Son,,Gresham,Al mutarid
,,,,Panzhihua,Menoufia,,Tampon le,,,,,,Pisa,,,,,,,,,,,,,,,,Norzagaray,,Kirovo chepetsk,Al furuthi,,,,,,,Sorkum,,Hampton,Al qahfah
,,,,Pingdingshan,Minya al qamh,,Toulon,,,,,,Pistoia,,,,,,,,,,,,,,,,Olongapo,,Kiselyovsk,Al fuwayliq,,,,,,,Taysus,,Hartford,Al qaidah
,,,,Putian,Mit ghamr,,Toulouse,,,,,,Pomezia,,,,,,,,,,,,,,,,Ormoc city,,Kislovodsk,Al ghadya,,,,,,,Tekirdag,,Hayward,Al qanawis
,,,,Puyang,Mit salsil,,Tourcoing,,,,,,Pordenone,,,,,,,,,,,,,,,,Ozamiz city,,Klimovsk,Al ghaf,,,,,,,Teldib,,Henderson,Al qarashim
,,,,Qingdao,Nabaroh,,Tours,,,,,,Portici,,,,,,,,,,,,,,,,Pagadian city,,Klin,Al ghamya,,,,,,,Tenedos,,Hialeah,Al qaryah
,,,,Qinhuangdao,Naj hammadi,,Troyes,,,,,,Potenza,,,,,,,,,,,,,,,,Panabo,,Klintsy,Al ghanmiyah,,,,,,,Tivas,,High point,Al qashabah
,,,,Qiqihar,Port said,,Valence,,,,,,Pozzuoli,,,,,,,,,,,,,,,,Parañaque,,Kogalym,Al gharith,,,,,,,Trabzon,,Hollywood,Al qatn
,,,,Quanzhou,Qaha,,Vannes,,,,,,Prato,,,,,,,,,,,,,,,,Pasay,,Kolomna,Al ghassalah,,,,,,,Tukat,,Houston texas,Al qaws
,,,,Qujing,Qallin,,Vénissieux,,,,,,Quartu sant'elena,,,,,,,,,,,,,,,,Pasig,,Komsomolsk on amur,Al ghat,,,,,,,Tunceli,,Huntington beach,Al qunbur
,,,,Rizhao,Qalyub,,Versailles,,,,,,Ragusa,,,,,,,,,,,,,,,,Pikit,,Kopeysk,Al ghayl,,,,,,,Tunkes,,Huntsville,Al raiyan
,,,,Shanghai,Qena,,Villejuif,,,,,,Ravenna,,,,,,,,,,,,,,,,Plaridel,,Korolyov,Al ghumayyisah,,,,,,,Tuzla,,Independence,Al robat
,,,,Shantou,Qift,,Villeurbanne,,,,,,Reggio calabria,,,,,,,,,,,,,,,,Polomolok,,Kostroma,Al ghurabah,,,,,,,Urak,,Indianapolis india...,Al said
,,,,Shaoxing,Quesna,,Vitry sur seine,,,,,,Reggio emilia,,,,,,,,,,,,,,,,Porac,,Kotlas,Al ghuzayz,,,,,,,Urva,,Inglewood,Al sharaf
,,,,Shaoyang,Qus,,,,,,,,Rho,,,,,,,,,,,,,,,,Puerto princesa,,Kovrov,Al hada,,,,,,,Ushak,,Irvine,Al shihr
,,,,Shenyang,Ras gharib,,,,,,,,Rimini,,,,,,,,,,,,,,,,Quezon city,,Krasnodar krai,Al hadaqah,,,,,,,Uskudar,,Irving,Al sufal
,,,,Shenzhen,Rosetta,,,,,,,,Rome,,,,,,,,,,,,,,,,Rodriguez,,Krasnogorsk,Al hadba,,,,,,,Vahrin,,Jackson,Al suwayda
,,,,Shijiazhuang,Sadat city,,,,,,,,Rovigo,,,,,,,,,,,,,,,,Rosario,,Krasnokamensk,Al hadbah,,,,,,,Vona,,Jacksonville flori...,Al wasitah
,,,,Suihua,Samalut,,,,,,,,Salerno,,,,,,,,,,,,,,,,Roxas city,,Krasnokamsk,Al haddadah,,,,,,,Zilhor,,Jersey city,Alurba
,,,,Suqian,Samannoud,,,,,,,,San severo,,,,,,,,,,,,,,,,Sagay city,,Krasnoturinsk,Al haddar,,,,,,,Zinivk,,Joliet,Alwan ahmad
,,,,Suzhou,Senbellawein,,,,,,,,Sanremo,,,,,,,,,,,,,,,,San carlos city,,Krasnoyarsk krai,Al hadithah,,,,,,,Zirnak,,Kansas city,Am dakhla
,,,,Tai'an,Senuris,,,,,,,,Sassari,,,,,,,,,,,,,,,,San fernando,,Kropotkin,Al hadrur,,,,,,,Zunguldak,,Kent,Am kaalif
,,,,Taiyuan,Sharm el shaikh,,,,,,,,Savona,,,,,,,,,,,,,,,,San jose city,,Krymsk,Al hafah,,,,,,,,,Killeen,Am qa
,,,,Taizhou,Sharm el sheikh,,,,,,,,Scafati,,,,,,,,,,,,,,,,San jose del monte...,,Kstovo,Al hair,,,,,,,,,Knoxville,Amaqin
,,,,Tangshan,Sherbin,,,,,,,,Scandicci,,,,,,,,,,,,,,,,San juan,,Kumertau,Al hait,,,,,,,,,Lafayette,Amd
,,,,Tianjin,Shibin al qanater,,,,,,,,Sesto san giovanni,,,,,,,,,,,,,,,,San miguel,,Kungur,Al haiyaniya,,,,,,,,,Lakeland,Amiq
,,,,Tianshui,Shibin el kom,,,,,,,,Siena,,,,,,,,,,,,,,,,San pablo city,,Kurgan,Al hajrah,,,,,,,,,Lakewood,An nadirah
,,,,Tieling,Shubra el khema,,,,,,,,Taranto,,,,,,,,,,,,,,,,San pedro,,Kursk,Al hamiriyah,,,,,,,,,Lancaster,An nisab
,,,,Weifang,Shubrakhit,,,,,,,,Teramo,,,,,,,,,,,,,,,,Santa cruz,,Kuznetsk,Al hanakiyah,,,,,,,,,Lansing,Anag
,,,,Weihai,Sidi salem,,,,,,,,Terni,,,,,,,,,,,,,,,,Santa rosa city,,Kyzyl,Al haqu,,,,,,,,,Laredo,Anban
,,,,Wenzhou,Sohag,,,,,,,,Tivoli,,,,,,,,,,,,,,,,Santiago city,,Labinsk,Al hariq,,,,,,,,,Las cruces,Ans sufyan
,,,,Wuhan,Sohag suhaj,,,,,,,,Torre del greco,,,,,,,,,,,,,,,,Santo tomas,,Leninogorsk,Al harmaliyah,,,,,,,,,Las vegas,Aqarib
,,,,Wuhu,Suez,,,,,,,,Trani,,,,,,,,,,,,,,,,Sariaya,,Leninsk kuznetskiy,Al hati,,,,,,,,,Lewisville,Ar rahidah
,,,,Wulumuqi,Sumusta al waqf,,,,,,,,Trapani,,,,,,,,,,,,,,,,Silang,,Lesnoy,Al hawiyah,,,,,,,,,Lexington fayette,Ar rub
,,,,Wuwei,Tahta,,,,,,,,Trento,,,,,,,,,,,,,,,,Silay city,,Lesosibirsk,Al hawtah,,,,,,,,,Lincoln,Aram
,,,,Wuxi,Tala,,,,,,,,Treviso,,,,,,,,,,,,,,,,Sorsogon city,,Lipetsk,Al hayathim,,,,,,,,,Little rock,Ard abdullah
,,,,Xi'an,Talkha,,,,,,,,Trieste,,,,,,,,,,,,,,,,Surigao city,,Liski,Al hayra,,,,,,,,,Long beach,Ard al raydah
,,,,Xiamen,Tamiya,,,,,,,,Turin,,,,,,,,,,,,,,,,Tabaco city,,Livny,Al hazim,,,,,,,,,Los angeles califo...,Arsh
,,,,Xiangfan,Tanta,,,,,,,,Udine,,,,,,,,,,,,,,,,Tabuk,,Lobnya,Al hifnah,,,,,,,,,Louisville,Artil
,,,,Xiangtan,Tima,,,,,,,,Varese,,,,,,,,,,,,,,,,Tacloban city,,Lysva,Al hijanbah,,,,,,,,,Lowell,As sada
,,,,Xianyang,Tukh,,,,,,,,Velletri,,,,,,,,,,,,,,,,Taguig,,Lytkarino,Al hijfar,,,,,,,,,Lubbock,As salamah
,,,,Xingtai,Zagazig,,,,,,,,Venice,,,,,,,,,,,,,,,,Tagum city,,Lyubertsy,Al hilwah,,,,,,,,,Madison,As sayyani
,,,,Xining,Zifta,,,,,,,,Verona,,,,,,,,,,,,,,,,Talavera,,Magadan,Al hinnah,,,,,,,,,Manchester,As sufal
,,,,Xinxiang,,,,,,,,,Viareggio,,,,,,,,,,,,,,,,Talisay city,,Magnitogorsk,Al hishah,,,,,,,,,Mcallen,As surraha
,,,,Xinyang,,,,,,,,,Vicenza,,,,,,,,,,,,,,,,Tanauan city,,Maykop,Al hufayr,,,,,,,,,Mckinney,Asala
,,,,Xuchang,,,,,,,,,Vigevano,,,,,,,,,,,,,,,,Tanza,,Meleuz,Al hufayyirah,,,,,,,,,Memphis tennessee,Ash shubaykah
,,,,Xuzhou,,,,,,,,,Viterbo,,,,,,,,,,,,,,,,Tarlac city,,Mezhdurechensk,Al hufuf,,,,,,,,,Mesa,At talh
,,,,Yancheng,,,,,,,,,Vittoria,,,,,,,,,,,,,,,,Taytay,,Miass,Al hulaylah,,,,,,,,,Mesquite,At taribah
,,,,Yangjiang,,,,,,,,,,,,,,,,,,,,,,,,,Toledo city,,Michurinsk,Al hulaysiyah,,,,,,,,,Miami,At tuhayta
,,,,Yangzhou,,,,,,,,,,,,,,,,,,,,,,,,,Trece martires cit...,,Mikhaylovka,Al humaydah,,,,,,,,,Miami gardens,At turabah
,,,,Yantai,,,,,,,,,,,,,,,,,,,,,,,,,Tuguegarao city,,Mikhaylovsk,Al hunayy,,,,,,,,,Midland,Atabah
,,,,Yibin,,,,,,,,,,,,,,,,,,,,,,,,,Urdaneta city,,Mineralnye vody,Al husayni,,,,,,,,,Milwaukee,Ataq
,,,,Yichang,,,,,,,,,,,,,,,,,,,,,,,,,Valencia city,,Minusinsk,Al husayniyah,,,,,,,,,Minneapolis,Atharah
,,,,Yinchuan,,,,,,,,,,,,,,,,,,,,,,,,,Valenzuela city,,Moscow,Al husayy,,,,,,,,,Miramar,Awrumah
,,,,Yingkou,,,,,,,,,,,,,,,,,,,,,,,,,Zamboanga,,Murmansk,Al iyaynah,,,,,,,,,Mobile,Aynat
,,,,Yueyang,,,,,,,,,,,,,,,,,,,,,,,,,,,Murom,Al jabriyah,,,,,,,,,Modesto,Az zahir
,,,,Yulin,,,,,,,,,,,,,,,,,,,,,,,,,,,Mytishchi,Al jadi,,,,,,,,,Montgomery,Az zaydiyah
,,,,Zaozhuang,,,,,,,,,,,,,,,,,,,,,,,,,,,Naberezhnye chelny,Al jadid,,,,,,,,,Moreno valley,Az zuhrah
,,,,Zhangzhou zhi,,,,,,,,,,,,,,,,,,,,,,,,,,,Nakhodka,Al jalah,,,,,,,,,Murfreesboro,Azzan
,,,,Zhanjiang,,,,,,,,,,,,,,,,,,,,,,,,,,,Nalchik,Al jara,,,,,,,,,Murrieta,Ba tays
,,,,Zhaoqing,,,,,,,,,,,,,,,,,,,,,,,,,,,Naro fominsk,Al jaradiyah,,,,,,,,,Naperville,Bahri
,,,,Zhengzhou,,,,,,,,,,,,,,,,,,,,,,,,,,,Nazarovo,Al jawah,,,,,,,,,Nashville,Bait al faqih
,,,,Zhenjiang,,,,,,,,,,,,,,,,,,,,,,,,,,,Nazran,Al jawf,,,,,,,,,New haven,Bajil
,,,,Zhoukou,,,,,,,,,,,,,,,,,,,,,,,,,,,Neftekamsk,Al jaww,,,,,,,,,New orleans,Bakar
,,,,Zhoushan,,,,,,,,,,,,,,,,,,,,,,,,,,,Nefteyugansk,Al jithamiyah,,,,,,,,,New york,Bakhal
,,,,Zhuhai,,,,,,,,,,,,,,,,,,,,,,,,,,,Neryungri,Al jithyathah,,,,,,,,,Newark,Bakr
,,,,Zhuzhou,,,,,,,,,,,,,,,,,,,,,,,,,,,Nevinnomyssk,Al jubaila,,,,,,,,,Newport news,Balhaf
,,,,Zibo,,,,,,,,,,,,,,,,,,,,,,,,,,,Nizhegorodskaya,Al jubayl,,,,,,,,,Norfolk,Balihaf
,,,,Zigong,,,,,,,,,,,,,,,,,,,,,,,,,,,Nizhnekamsk,Al jubaylah,,,,,,,,,Norman,Bani
,,,,Zunyi,,,,,,,,,,,,,,,,,,,,,,,,,,,Nizhnevartovsk,Al judayyidah,,,,,,,,,North charleston,Bani abbad
,,,,,,,,,,,,,,,,,,,,,,,,,,,,,,,Nizhny tagil,Al jufaifa,,,,,,,,,North las vegas,Bani al ama
,,,,,,,,,,,,,,,,,,,,,,,,,,,,,,,Noginsk,Al juhfah,,,,,,,,,Norwalk,Bani falah
,,,,,,,,,,,,,,,,,,,,,,,,,,,,,,,Norilsk,Al junayfi,,,,,,,,,Oakland,Bani hashish
,,,,,,,,,,,,,,,,,,,,,,,,,,,,,,,Novoaltaysk,Al junaynah,,,,,,,,,Oceanside,Bani humi
,,,,,,,,,,,,,,,,,,,,,,,,,,,,,,,Novocheboksarsk,Al juranah,,,,,,,,,Odessa,Bani jamil
,,,,,,,,,,,,,,,,,,,,,,,,,,,,,,,Novocherkassk,Al jurayfah,,,,,,,,,Oklahoma city,Bani mukhtar
,,,,,,,,,,,,,,,,,,,,,,,,,,,,,,,Novokuybyshevsk,Al kabrit,,,,,,,,,Olathe,Bani qaws
,,,,,,,,,,,,,,,,,,,,,,,,,,,,,,,Novokuznetsk,Al kahafah,,,,,,,,,Omaha,Bani qays
,,,,,,,,,,,,,,,,,,,,,,,,,,,,,,,Novomoskovsk,Al kahma,,,,,,,,,Ontario,Bani saaba
,,,,,,,,,,,,,,,,,,,,,,,,,,,,,,,Novorossiysk,Al kamil,,,,,,,,,Orange,Bani tayb
,,,,,,,,,,,,,,,,,,,,,,,,,,,,,,,Novoshakhtinsk,Al karbus,,,,,,,,,Orlando,Baraqish
,,,,,,,,,,,,,,,,,,,,,,,,,,,,,,,Novosibirskaya,Al kasib,,,,,,,,,Overland park,Barhan
,,,,,,,,,,,,,,,,,,,,,,,,,,,,,,,Novotroitsk,Al khabbah,,,,,,,,,Oxnard,Batar
,,,,,,,,,,,,,,,,,,,,,,,,,,,,,,,Novouralsk,Al khabra,,,,,,,,,Palm bay,Batinah
,,,,,,,,,,,,,,,,,,,,,,,,,,,,,,,Novy urengoy,Al khadra,,,,,,,,,Palmdale,Bayt ad dali
,,,,,,,,,,,,,,,,,,,,,,,,,,,,,,,Noyabrsk,Al khafji,,,,,,,,,Pasadena,Bayt al ahmar
,,,,,,,,,,,,,,,,,,,,,,,,,,,,,,,Nyagan,Al khaniq,,,,,,,,,Paterson,Bayt marran
,,,,,,,,,,,,,,,,,,,,,,,,,,,,,,,Obninsk,Al kharj,,,,,,,,,Pearland,Bayt qishn
,,,,,,,,,,,,,,,,,,,,,,,,,,,,,,,Odintsovo,Al kharma,,,,,,,,,Pembroke pines,Ben ahmed
,,,,,,,,,,,,,,,,,,,,,,,,,,,,,,,Oktyabrskiy,Al khars,,,,,,,,,Peoria,Beni abd
,,,,,,,,,,,,,,,,,,,,,,,,,,,,,,,Omskaya,Al khashabiyah,,,,,,,,,Philadelphia,Bin haidar
,,,,,,,,,,,,,,,,,,,,,,,,,,,,,,,Orekhovo zuyevo,Al khishaybi,,,,,,,,,Phoenix arizona,Bir fadhl
,,,,,,,,,,,,,,,,,,,,,,,,,,,,,,,Orenburgskaya,al khobar,,,,,,,,,Pittsburgh,Budah
,,,,,,,,,,,,,,,,,,,,,,,,,,,,,,,Orsk,Al khunayqiyah,,,,,,,,,Plano,Bur
,,,,,,,,,,,,,,,,,,,,,,,,,,,,,,,Oryol,Al khuraybah,,,,,,,,,Pomona,Burum
,,,,,,,,,,,,,,,,,,,,,,,,,,,,,,,Ozersk,Al khushaybi,,,,,,,,,Pompano beach,Daf
,,,,,,,,,,,,,,,,,,,,,,,,,,,,,,,Pavlovo,Al khutamah,,,,,,,,,Port st lucie,Damaj
,,,,,,,,,,,,,,,,,,,,,,,,,,,,,,,Pavlovsky posad,Al kihayfiyah,,,,,,,,,Portland,Dammaj
,,,,,,,,,,,,,,,,,,,,,,,,,,,,,,,Penza,Al kuds,,,,,,,,,Providence,Damqawt
,,,,,,,,,,,,,,,,,,,,,,,,,,,,,,,Perm krai,Al kunfudha,,,,,,,,,Provo,Damt
,,,,,,,,,,,,,,,,,,,,,,,,,,,,,,,Pervouralsk,Al lahabah,,,,,,,,,Pueblo,Dar abbas
,,,,,,,,,,,,,,,,,,,,,,,,,,,,,,,Petropavlovsk kamc...,Al lisafah,,,,,,,,,Raleigh,Dar al baym
,,,,,,,,,,,,,,,,,,,,,,,,,,,,,,,Petrozavodsk,Al lughfiyah,,,,,,,,,Rancho cucamonga,Dar as sufayra
,,,,,,,,,,,,,,,,,,,,,,,,,,,,,,,Podolsk,Al luqiyah,,,,,,,,,Reno,Dar said
,,,,,,,,,,,,,,,,,,,,,,,,,,,,,,,Polevskoy,Al luwaybidah,,,,,,,,,Rialto,Dar salam
,,,,,,,,,,,,,,,,,,,,,,,,,,,,,,,Primorsky krai,Al luwaymi,,,,,,,,,Richardson,Dawm
,,,,,,,,,,,,,,,,,,,,,,,,,,,,,,,Prokhladny,Al maaqas,,,,,,,,,Richmond,Dayr abd
,,,,,,,,,,,,,,,,,,,,,,,,,,,,,,,Prokopyevsk,Al maashbah,,,,,,,,,Riverside,Dayr muhammad
,,,,,,,,,,,,,,,,,,,,,,,,,,,,,,,Pskov,Al maazil,,,,,,,,,Rochester,Dhala
,,,,,,,,,,,,,,,,,,,,,,,,,,,,,,,Pushkino,Al mabda,,,,,,,,,Rockford,Dhamar
,,,,,,,,,,,,,,,,,,,,,,,,,,,,,,,Pyatigorsk,Al mabuthah,,,,,,,,,Roseville,Dhi ata
,,,,,,,,,,,,,,,,,,,,,,,,,,,,,,,Ramenskoye,Al madabi,,,,,,,,,Round rock,Dhi sahr
,,,,,,,,,,,,,,,,,,,,,,,,,,,,,,,Reutov,Al madaya,,,,,,,,,Sacramento,Dhi sufal
,,,,,,,,,,,,,,,,,,,,,,,,,,,,,,,Revda,Al maddah,,,,,,,,,Salem,Dhubab
,,,,,,,,,,,,,,,,,,,,,,,,,,,,,,,Roslavl,Al madhah,,,,,,,,,Salinas,Dira
,,,,,,,,,,,,,,,,,,,,,,,,,,,,,,,Rossosh,Al madinah,,,,,,,,,Salt lake city,Doran
,,,,,,,,,,,,,,,,,,,,,,,,,,,,,,,Rostov,Al maghal,,,,,,,,,San antonio texas,Dufur
,,,,,,,,,,,,,,,,,,,,,,,,,,,,,,,Rubtsovsk,Al mahabbah,,,,,,,,,San bernardino,El aar
,,,,,,,,,,,,,,,,,,,,,,,,,,,,,,,Ryazan,Al mahalani,,,,,,,,,San buenaventura (...,El wahbe
,,,,,,,,,,,,,,,,,,,,,,,,,,,,,,,Rybinsk,Al mahani,,,,,,,,,San diego californ...,Fughmah
,,,,,,,,,,,,,,,,,,,,,,,,,,,,,,,Rzhev,Al mahash,,,,,,,,,San francisco cali...,Fuwwah
,,,,,,,,,,,,,,,,,,,,,,,,,,,,,,,Saint petersburg,Al mahattah,,,,,,,,,San jose californi...,Gazaa
,,,,,,,,,,,,,,,,,,,,,,,,,,,,,,,Salavat,Al majaridah,,,,,,,,,San mateo,Ghayl ba wazir
,,,,,,,,,,,,,,,,,,,,,,,,,,,,,,,Salsk,Al majma,,,,,,,,,Santa ana,Ghayman
,,,,,,,,,,,,,,,,,,,,,,,,,,,,,,,Samarskaya,Al makhwah,,,,,,,,,Santa clara,Ghulah
,,,,,,,,,,,,,,,,,,,,,,,,,,,,,,,Saransk,Al manakh,,,,,,,,,Santa clarita,Giuban
,,,,,,,,,,,,,,,,,,,,,,,,,,,,,,,Sarapul,Al mashailah,,,,,,,,,Santa maria,Graf
,,,,,,,,,,,,,,,,,,,,,,,,,,,,,,,Saratovskaya oblas...,Al mashramiyah,,,,,,,,,Santa rosa,Hababah
,,,,,,,,,,,,,,,,,,,,,,,,,,,,,,,Sarov,Al mayyah,,,,,,,,,Savannah,Habayir
,,,,,,,,,,,,,,,,,,,,,,,,,,,,,,,Sergiyev posad,Al mikhlaf,,,,,,,,,Scottsdale,Habban
,,,,,,,,,,,,,,,,,,,,,,,,,,,,,,,Serov,Al milhah,,,,,,,,,Seattle washingto...,Hadiboh
,,,,,,,,,,,,,,,,,,,,,,,,,,,,,,,Serpukhov,Al mithab,,,,,,,,,Shreveport,Hadrami
,,,,,,,,,,,,,,,,,,,,,,,,,,,,,,,Severodvinsk,Al mithnab,,,,,,,,,Simi valley,Hamada
,,,,,,,,,,,,,,,,,,,,,,,,,,,,,,,Severomorsk,Al muayqilat,,,,,,,,,Sioux falls,Hamdani
,,,,,,,,,,,,,,,,,,,,,,,,,,,,,,,Seversk,Al muayzilah,,,,,,,,,South bend,Hammam ali
,,,,,,,,,,,,,,,,,,,,,,,,,,,,,,,Shadrinsk,Al mubarraz,,,,,,,,,Spokane,Harad
,,,,,,,,,,,,,,,,,,,,,,,,,,,,,,,Shakhty,Al mudayyih,,,,,,,,,Springfield,Harbi
,,,,,,,,,,,,,,,,,,,,,,,,,,,,,,,Shchyokino,Al mudhnib,,,,,,,,,St. louis,Haswayn
,,,,,,,,,,,,,,,,,,,,,,,,,,,,,,,Shchyolkovo,Al mufrihat,,,,,,,,,St. paul,Haukaban
,,,,,,,,,,,,,,,,,,,,,,,,,,,,,,,Shuya,Al mukayli,,,,,,,,,St. petersburg,Hawf
,,,,,,,,,,,,,,,,,,,,,,,,,,,,,,,Sibay,Al mukhtalif,,,,,,,,,Stamford,Hayafa
,,,,,,,,,,,,,,,,,,,,,,,,,,,,,,,Slavyansk na kuban...,Al mulayh,,,,,,,,,Sterling heights,Haydan
,,,,,,,,,,,,,,,,,,,,,,,,,,,,,,,Smolensk,Al mulaylih,,,,,,,,,Stockton,Haynan
,,,,,,,,,,,,,,,,,,,,,,,,,,,,,,,Sochi,Al mulayniyah,,,,,,,,,Sunnyvale,Hays
,,,,,,,,,,,,,,,,,,,,,,,,,,,,,,,Solikamsk,Al murayr,,,,,,,,,Surprise,Hisn bin badr
,,,,,,,,,,,,,,,,,,,,,,,,,,,,,,,Solnechnogorsk,Al musa,,,,,,,,,Syracuse,Hisn duwid
,,,,,,,,,,,,,,,,,,,,,,,,,,,,,,,Sosnovy bor,Al musandaq,,,,,,,,,Tacoma,Hiswah
,,,,,,,,,,,,,,,,,,,,,,,,,,,,,,,Stary oskol,Al musayjid,,,,,,,,,Tallahassee,Hodeida
,,,,,,,,,,,,,,,,,,,,,,,,,,,,,,,Stavropol,Al mushaytiyah,,,,,,,,,Tampa,Hulaf
,,,,,,,,,,,,,,,,,,,,,,,,,,,,,,,Sterlitamak,Al mustajiddah,,,,,,,,,Temecula,Huraidha
,,,,,,,,,,,,,,,,,,,,,,,,,,,,,,,Stupino,Al muthab,,,,,,,,,Tempe,Hutayb
,,,,,,,,,,,,,,,,,,,,,,,,,,,,,,,Surgut,Al muwassam,,,,,,,,,Thornton,Huth
,,,,,,,,,,,,,,,,,,,,,,,,,,,,,,,Svobodny,Al muwaykir,,,,,,,,,Thousand oaks,Ibb
,,,,,,,,,,,,,,,,,,,,,,,,,,,,,,,Syktyvkar,Al muwaylih,,,,,,,,,Toledo,Itab
,,,,,,,,,,,,,,,,,,,,,,,,,,,,,,,Syzran,Al muzahimiyah,,,,,,,,,Topeka,Jaar
,,,,,,,,,,,,,,,,,,,,,,,,,,,,,,,Taganrog,Al muzaylif,,,,,,,,,Torrance,Jaffa
,,,,,,,,,,,,,,,,,,,,,,,,,,,,,,,Tambov,Al muzayri,,,,,,,,,Tucson,Jaha
,,,,,,,,,,,,,,,,,,,,,,,,,,,,,,,Tikhoretsk,Al nawariyah,,,,,,,,,Tulsa,Jaran
,,,,,,,,,,,,,,,,,,,,,,,,,,,,,,,Tikhvin,Al nimas,,,,,,,,,Tyler,Jarir
,,,,,,,,,,,,,,,,,,,,,,,,,,,,,,,Timashyovsk,Al qadab,,,,,,,,,Urban honolulu,Jawar
,,,,,,,,,,,,,,,,,,,,,,,,,,,,,,,Tobolsk,Al qadhima,,,,,,,,,Vallejo,Jiblah
,,,,,,,,,,,,,,,,,,,,,,,,,,,,,,,Tomsk,Al qaid,,,,,,,,,Vancouver,Jidfirah
,,,,,,,,,,,,,,,,,,,,,,,,,,,,,,,Troitsk,Al qalibah,,,,,,,,,Victorville,Jihanah
,,,,,,,,,,,,,,,,,,,,,,,,,,,,,,,Tuapse,Al qamri,,,,,,,,,Virginia beach,Jilah
,,,,,,,,,,,,,,,,,,,,,,,,,,,,,,,Tula,Al qara,,,,,,,,,Visalia,Jooh
,,,,,,,,,,,,,,,,,,,,,,,,,,,,,,,Tuymazy,Al qarfa,,,,,,,,,Waco,Jubel
,,,,,,,,,,,,,,,,,,,,,,,,,,,,,,,Tver,Al qarn,,,,,,,,,Warren,Kamaran
,,,,,,,,,,,,,,,,,,,,,,,,,,,,,,,Tyumenskaya,Al qarqar,,,,,,,,,Washington,Kanana
,,,,,,,,,,,,,,,,,,,,,,,,,,,,,,,Udmurtia,Al qaryat,,,,,,,,,Waterbury,Kaninah
,,,,,,,,,,,,,,,,,,,,,,,,,,,,,,,Ukhta,Al qasab,,,,,,,,,West covina,Karaba
,,,,,,,,,,,,,,,,,,,,,,,,,,,,,,,Ulan ude,Al qashah,,,,,,,,,West jordan,Kathiri
,,,,,,,,,,,,,,,,,,,,,,,,,,,,,,,Ulyanovsk,Al qatif,,,,,,,,,West palm beach,Khabb
,,,,,,,,,,,,,,,,,,,,,,,,,,,,,,,Usolye sibirskoye,Al qawba,,,,,,,,,West valley city,Khairan
,,,,,,,,,,,,,,,,,,,,,,,,,,,,,,,Ussuriysk,Al qaysumah,,,,,,,,,Westminster,Khalifah
,,,,,,,,,,,,,,,,,,,,,,,,,,,,,,,Ust ilimsk,Al qisamah,,,,,,,,,Wichita,Khamar
,,,,,,,,,,,,,,,,,,,,,,,,,,,,,,,Uzlovaya,Al quful,,,,,,,,,Wichita falls,Khawlan
,,,,,,,,,,,,,,,,,,,,,,,,,,,,,,,Velikiye luki,Al qulayyib,,,,,,,,,Wilmington,Khaywan
,,,,,,,,,,,,,,,,,,,,,,,,,,,,,,,Veliky novgorod,Al qurayb,,,,,,,,,Winston salem,Khiraikhar
,,,,,,,,,,,,,,,,,,,,,,,,,,,,,,,Verkhnyaya pyshma,Al qurayyat,,,,,,,,,Worcester,Kitab
,,,,,,,,,,,,,,,,,,,,,,,,,,,,,,,Vidnoye,Al quwarah,,,,,,,,,Yonkers,Kitaf
,,,,,,,,,,,,,,,,,,,,,,,,,,,,,,,Vladikavkaz,Al quwayiyah,,,,,,,,,,Lahaj
,,,,,,,,,,,,,,,,,,,,,,,,,,,,,,,Vladimir,Al russ,,,,,,,,,,Lawdar
,,,,,,,,,,,,,,,,,,,,,,,,,,,,,,,Volgodonsk,Al salma,,,,,,,,,,Madinat ash shirq
,,,,,,,,,,,,,,,,,,,,,,,,,,,,,,,Volgogradskaya,Al shuqaiq,,,,,,,,,,Madinat ashab
,,,,,,,,,,,,,,,,,,,,,,,,,,,,,,,Vologda,Al tawilah,,,,,,,,,,Mahallah
,,,,,,,,,,,,,,,,,,,,,,,,,,,,,,,Volsk,Al ubaylah,,,,,,,,,,Mahrada
,,,,,,,,,,,,,,,,,,,,,,,,,,,,,,,Volzhsk,Al udhailiya,,,,,,,,,,Makram
,,,,,,,,,,,,,,,,,,,,,,,,,,,,,,,Volzhskiy,Al ula,,,,,,,,,,Malah
,,,,,,,,,,,,,,,,,,,,,,,,,,,,,,,Voronezhskaya,Al ulayyah,,,,,,,,,,Manaha
,,,,,,,,,,,,,,,,,,,,,,,,,,,,,,,Voskresensk,Al ulya,,,,,,,,,,Mansura
,,,,,,,,,,,,,,,,,,,,,,,,,,,,,,,Votkinsk,Al umran,,,,,,,,,,Maqbanah
,,,,,,,,,,,,,,,,,,,,,,,,,,,,,,,Vsevolozhsk,Al uqaylat,,,,,,,,,,Maram
,,,,,,,,,,,,,,,,,,,,,,,,,,,,,,,Vyazma,Al uwayqilah,,,,,,,,,,Masnah
,,,,,,,,,,,,,,,,,,,,,,,,,,,,,,,Vyborg,Al uzaym,,,,,,,,,,Matnah
,,,,,,,,,,,,,,,,,,,,,,,,,,,,,,,Vyksa,Al wahabah,,,,,,,,,,Mawiyah
,,,,,,,,,,,,,,,,,,,,,,,,,,,,,,,Vyshny volochyok,Al waht,,,,,,,,,,Medi
,,,,,,,,,,,,,,,,,,,,,,,,,,,,,,,Yakutsk,Al wajh,,,,,,,,,,Mori
,,,,,,,,,,,,,,,,,,,,,,,,,,,,,,,Yaroslavl oblast,Al wannan,,,,,,,,,,Moura
,,,,,,,,,,,,,,,,,,,,,,,,,,,,,,,Yegoryevsk,Al wasat,,,,,,,,,,Mudiyah
,,,,,,,,,,,,,,,,,,,,,,,,,,,,,,,Yekaterinburg,Al wasit,,,,,,,,,,Mukalla hadramawt
,,,,,,,,,,,,,,,,,,,,,,,,,,,,,,,Yelabuga,Al watah,,,,,,,,,,Mukayras
,,,,,,,,,,,,,,,,,,,,,,,,,,,,,,,Yelets,Al wudiyah,,,,,,,,,,Musejid
,,,,,,,,,,,,,,,,,,,,,,,,,,,,,,,Yeysk,Al zahrah,,,,,,,,,,Nafhan
,,,,,,,,,,,,,,,,,,,,,,,,,,,,,,,Yoshkar ola,Ammar,,,,,,,,,,Najd al jamai
,,,,,,,,,,,,,,,,,,,,,,,,,,,,,,,Yurga,An nabhaniyah,,,,,,,,,,Najd an nashamah
,,,,,,,,,,,,,,,,,,,,,,,,,,,,,,,Yuzhno sakhalinsk,An najamiyah,,,,,,,,,,Nayan
,,,,,,,,,,,,,,,,,,,,,,,,,,,,,,,Zarechnyy,An nasifah,,,,,,,,,,Nishtun
,,,,,,,,,,,,,,,,,,,,,,,,,,,,,,,Zelenodolsk,An niayy,,,,,,,,,,Perim island
,,,,,,,,,,,,,,,,,,,,,,,,,,,,,,,Zelenogorsk,An nibaj,,,,,,,,,,Qadub
,,,,,,,,,,,,,,,,,,,,,,,,,,,,,,,Zheleznodorozhny,An nimriyah,,,,,,,,,,Qahir
,,,,,,,,,,,,,,,,,,,,,,,,,,,,,,,Zheleznogorsk,Anaiza,,,,,,,,,,Qaidun
,,,,,,,,,,,,,,,,,,,,,,,,,,,,,,,Zhigulyovsk,Antutah,,,,,,,,,,Qalansiyah
,,,,,,,,,,,,,,,,,,,,,,,,,,,,,,,Zhukovskiy,Aqabah,,,,,,,,,,Qaran
,,,,,,,,,,,,,,,,,,,,,,,,,,,,,,,Zlatoust,Ar radii,,,,,,,,,,Qawah
,,,,,,,,,,,,,,,,,,,,,,,,,,,,,,,,Ar rafiah,,,,,,,,,,Qurain
,,,,,,,,,,,,,,,,,,,,,,,,,,,,,,,,Ar rashawiyah,,,,,,,,,,Qusayir
,,,,,,,,,,,,,,,,,,,,,,,,,,,,,,,,Ar rass,,,,,,,,,,Qutay
,,,,,,,,,,,,,,,,,,,,,,,,,,,,,,,,Ar rayn,,,,,,,,,,Rada
,,,,,,,,,,,,,,,,,,,,,,,,,,,,,,,,Ar rubayiyah,,,,,,,,,,Radmah
,,,,,,,,,,,,,,,,,,,,,,,,,,,,,,,,Ar rumhiyah,,,,,,,,,,Radmat jubarra
,,,,,,,,,,,,,,,,,,,,,,,,,,,,,,,,Ar ruqi,,,,,,,,,,Rahab
,,,,,,,,,,,,,,,,,,,,,,,,,,,,,,,,Ar ruwaydah,,,,,,,,,,Rahah
,,,,,,,,,,,,,,,,,,,,,,,,,,,,,,,,Araar,,,,,,,,,,Rahban
,,,,,,,,,,,,,,,,,,,,,,,,,,,,,,,,Arab,,,,,,,,,,Raida
,,,,,,,,,,,,,,,,,,,,,,,,,,,,,,,,arar,,,,,,,,,,Rawdah
,,,,,,,,,,,,,,,,,,,,,,,,,,,,,,,,Arawah,,,,,,,,,,Rawhan
,,,,,,,,,,,,,,,,,,,,,,,,,,,,,,,,Ardah,,,,,,,,,,Rayan
,,,,,,,,,,,,,,,,,,,,,,,,,,,,,,,,Arja,,,,,,,,,,Reshan
,,,,,,,,,,,,,,,,,,,,,,,,,,,,,,,,Artawi ar raqqas,,,,,,,,,,Ribat
,,,,,,,,,,,,,,,,,,,,,,,,,,,,,,,,As sadawi,,,,,,,,,,Risabah
,,,,,,,,,,,,,,,,,,,,,,,,,,,,,,,,As sahwah,,,,,,,,,,Safat
,,,,,,,,,,,,,,,,,,,,,,,,,,,,,,,,As samuriyah,,,,,,,,,,Sahaban
,,,,,,,,,,,,,,,,,,,,,,,,,,,,,,,,As saqiyah,,,,,,,,,,Sahar
,,,,,,,,,,,,,,,,,,,,,,,,,,,,,,,,As sarrar,,,,,,,,,,Sahwah
,,,,,,,,,,,,,,,,,,,,,,,,,,,,,,,,As sayl as saghir,,,,,,,,,,Salaf
,,,,,,,,,,,,,,,,,,,,,,,,,,,,,,,,As siayyirah,,,,,,,,,,Samsar
,,,,,,,,,,,,,,,,,,,,,,,,,,,,,,,,As sighawa,,,,,,,,,,Sanaa
,,,,,,,,,,,,,,,,,,,,,,,,,,,,,,,,As sihaf,,,,,,,,,,Sanaban
,,,,,,,,,,,,,,,,,,,,,,,,,,,,,,,,As sikak,,,,,,,,,,Sarar
,,,,,,,,,,,,,,,,,,,,,,,,,,,,,,,,As silayyil,,,,,,,,,,Sayhut
,,,,,,,,,,,,,,,,,,,,,,,,,,,,,,,,As sinnariyah,,,,,,,,,,Shab
,,,,,,,,,,,,,,,,,,,,,,,,,,,,,,,,As sudayrah,,,,,,,,,,Shahab
,,,,,,,,,,,,,,,,,,,,,,,,,,,,,,,,As sufayri,,,,,,,,,,Shaharah
,,,,,,,,,,,,,,,,,,,,,,,,,,,,,,,,As sufun,,,,,,,,,,Shaqra
,,,,,,,,,,,,,,,,,,,,,,,,,,,,,,,,As suh,,,,,,,,,,Sharaf
,,,,,,,,,,,,,,,,,,,,,,,,,,,,,,,,As sulaimi,,,,,,,,,,Shayan
,,,,,,,,,,,,,,,,,,,,,,,,,,,,,,,,As sulubiyah,,,,,,,,,,Shaykh salim
,,,,,,,,,,,,,,,,,,,,,,,,,,,,,,,,As sunayna,,,,,,,,,,Shee
,,,,,,,,,,,,,,,,,,,,,,,,,,,,,,,,Asfaan,,,,,,,,,,Shibam
,,,,,,,,,,,,,,,,,,,,,,,,,,,,,,,,Ash shaafah,,,,,,,,,,Sif
,,,,,,,,,,,,,,,,,,,,,,,,,,,,,,,,Ash shafa,,,,,,,,,,Siqirah
,,,,,,,,,,,,,,,,,,,,,,,,,,,,,,,,Ash shalaniyah,,,,,,,,,,Siraiwah
,,,,,,,,,,,,,,,,,,,,,,,,,,,,,,,,Ash shamasiya,,,,,,,,,,Sunah
,,,,,,,,,,,,,,,,,,,,,,,,,,,,,,,,Ash shamiyah,,,,,,,,,,Taiz
,,,,,,,,,,,,,,,,,,,,,,,,,,,,,,,,Ash shayyit,,,,,,,,,,Tamran
,,,,,,,,,,,,,,,,,,,,,,,,,,,,,,,,Ash shinan,,,,,,,,,,Taribah
,,,,,,,,,,,,,,,,,,,,,,,,,,,,,,,,Ash shirthah,,,,,,,,,,Tayab
,,,,,,,,,,,,,,,,,,,,,,,,,,,,,,,,Ash shubah,,,,,,,,,,Thamud
,,,,,,,,,,,,,,,,,,,,,,,,,,,,,,,,Ash shubaykiyah,,,,,,,,,,Thila
,,,,,,,,,,,,,,,,,,,,,,,,,,,,,,,,Ash shubayrimah,,,,,,,,,,Tur
,,,,,,,,,,,,,,,,,,,,,,,,,,,,,,,,Ash shuhayla,,,,,,,,,,Utmah
,,,,,,,,,,,,,,,,,,,,,,,,,,,,,,,,Ashayrah,,,,,,,,,,Waht
,,,,,,,,,,,,,,,,,,,,,,,,,,,,,,,,At tahiriyah,,,,,,,,,,Yafrus
,,,,,,,,,,,,,,,,,,,,,,,,,,,,,,,,At tarafiyah,,,,,,,,,,Yakhtul
,,,,,,,,,,,,,,,,,,,,,,,,,,,,,,,,At tarfawi,,,,,,,,,,Yarim
,,,,,,,,,,,,,,,,,,,,,,,,,,,,,,,,At tasrir,,,,,,,,,,Zabid
,,,,,,,,,,,,,,,,,,,,,,,,,,,,,,,,At tawdihiyah,,,,,,,,,,Zarajah
,,,,,,,,,,,,,,,,,,,,,,,,,,,,,,,,At timyat,,,,,,,,,,Ziafir
,,,,,,,,,,,,,,,,,,,,,,,,,,,,,,,,At tiraq,,,,,,,,,,Zinjibar
,,,,,,,,,,,,,,,,,,,,,,,,,,,,,,,,At turbiyah,,,,,,,,,,
,,,,,,,,,,,,,,,,,,,,,,,,,,,,,,,,At turfiyah al gha...,,,,,,,,,,
,,,,,,,,,,,,,,,,,,,,,,,,,,,,,,,,At tuwaim,,,,,,,,,,
,,,,,,,,,,,,,,,,,,,,,,,,,,,,,,,,At tuwal,,,,,,,,,,
,,,,,,,,,,,,,,,,,,,,,,,,,,,,,,,,Ata,,,,,,,,,,
,,,,,,,,,,,,,,,,,,,,,,,,,,,,,,,,Ath thamiriyah,,,,,,,,,,
,,,,,,,,,,,,,,,,,,,,,,,,,,,,,,,,Ayn shatha,,,,,,,,,,
,,,,,,,,,,,,,,,,,,,,,,,,,,,,,,,,Az zalal,,,,,,,,,,
,,,,,,,,,,,,,,,,,,,,,,,,,,,,,,,,Az zughayn,,,,,,,,,,
,,,,,,,,,,,,,,,,,,,,,,,,,,,,,,,,Az zulfi,,,,,,,,,,
,,,,,,,,,,,,,,,,,,,,,,,,,,,,,,,,Badai al makhul,,,,,,,,,,
,,,,,,,,,,,,,,,,,,,,,,,,,,,,,,,,Badayi bin najm,,,,,,,,,,
,,,,,,,,,,,,,,,,,,,,,,,,,,,,,,,,Badr,,,,,,,,,,
,,,,,,,,,,,,,,,,,,,,,,,,,,,,,,,,Baharah,,,,,,,,,,
,,,,,,,,,,,,,,,,,,,,,,,,,,,,,,,,Baljarshi,,,,,,,,,,
,,,,,,,,,,,,,,,,,,,,,,,,,,,,,,,,Bani isa,,,,,,,,,,
,,,,,,,,,,,,,,,,,,,,,,,,,,,,,,,,Bani sar,,,,,,,,,,
,,,,,,,,,,,,,,,,,,,,,,,,,,,,,,,,Bawdah,,,,,,,,,,
,,,,,,,,,,,,,,,,,,,,,,,,,,,,,,,,Bayda nathil,,,,,,,,,,
,,,,,,,,,,,,,,,,,,,,,,,,,,,,,,,,Baysh,,,,,,,,,,
,,,,,,,,,,,,,,,,,,,,,,,,,,,,,,,,Bilad al muhammad,,,,,,,,,,
,,,,,,,,,,,,,,,,,,,,,,,,,,,,,,,,Bilad mashwal,,,,,,,,,,
,,,,,,,,,,,,,,,,,,,,,,,,,,,,,,,,Bin hadi,,,,,,,,,,
,,,,,,,,,,,,,,,,,,,,,,,,,,,,,,,,Bir al abd,,,,,,,,,,
,,,,,,,,,,,,,,,,,,,,,,,,,,,,,,,,Bir eben hirmas,,,,,,,,,,
,,,,,,,,,,,,,,,,,,,,,,,,,,,,,,,,Bir lijah,,,,,,,,,,
,,,,,,,,,,,,,,,,,,,,,,,,,,,,,,,,Bu bir,,,,,,,,,,
,,,,,,,,,,,,,,,,,,,,,,,,,,,,,,,,Buqaya al janubiya...,,,,,,,,,,
,,,,,,,,,,,,,,,,,,,,,,,,,,,,,,,,Buraidah,,,,,,,,,,
,,,,,,,,,,,,,,,,,,,,,,,,,,,,,,,,Buraydah,,,,,,,,,,
,,,,,,,,,,,,,,,,,,,,,,,,,,,,,,,,Busar,,,,,,,,,,
,,,,,,,,,,,,,,,,,,,,,,,,,,,,,,,,Daghabij,,,,,,,,,,
,,,,,,,,,,,,,,,,,,,,,,,,,,,,,,,,Dagharir,,,,,,,,,,
,,,,,,,,,,,,,,,,,,,,,,,,,,,,,,,,Dahaban,,,,,,,,,,
,,,,,,,,,,,,,,,,,,,,,,,,,,,,,,,,Dahu,,,,,,,,,,
,,,,,,,,,,,,,,,,,,,,,,,,,,,,,,,,Dammam,,,,,,,,,,
,,,,,,,,,,,,,,,,,,,,,,,,,,,,,,,,Damthi,,,,,,,,,,
,,,,,,,,,,,,,,,,,,,,,,,,,,,,,,,,Darin,,,,,,,,,,
,,,,,,,,,,,,,,,,,,,,,,,,,,,,,,,,Dariyah,,,,,,,,,,
,,,,,,,,,,,,,,,,,,,,,,,,,,,,,,,,Dhahi,,,,,,,,,,
,,,,,,,,,,,,,,,,,,,,,,,,,,,,,,,,Dhahran,,,,,,,,,,
,,,,,,,,,,,,,,,,,,,,,,,,,,,,,,,,Dhruma,,,,,,,,,,
,,,,,,,,,,,,,,,,,,,,,,,,,,,,,,,,Diba,,,,,,,,,,
,,,,,,,,,,,,,,,,,,,,,,,,,,,,,,,,Dighnun,,,,,,,,,,
,,,,,,,,,,,,,,,,,,,,,,,,,,,,,,,,Dubayah,,,,,,,,,,
,,,,,,,,,,,,,,,,,,,,,,,,,,,,,,,,Dulayhan,,,,,,,,,,
,,,,,,,,,,,,,,,,,,,,,,,,,,,,,,,,Dulayrasheeed,,,,,,,,,,
,,,,,,,,,,,,,,,,,,,,,,,,,,,,,,,,El hafa,,,,,,,,,,
,,,,,,,,,,,,,,,,,,,,,,,,,,,,,,,,El kaa,,,,,,,,,,
,,,,,,,,,,,,,,,,,,,,,,,,,,,,,,,,El sail,,,,,,,,,,
,,,,,,,,,,,,,,,,,,,,,,,,,,,,,,,,Ethnen,,,,,,,,,,
,,,,,,,,,,,,,,,,,,,,,,,,,,,,,,,,Etra,,,,,,,,,,
,,,,,,,,,,,,,,,,,,,,,,,,,,,,,,,,Faidhah,,,,,,,,,,
,,,,,,,,,,,,,,,,,,,,,,,,,,,,,,,,Faifa,,,,,,,,,,
,,,,,,,,,,,,,,,,,,,,,,,,,,,,,,,,Farasan,,,,,,,,,,
,,,,,,,,,,,,,,,,,,,,,,,,,,,,,,,,Fayd,,,,,,,,,,
,,,,,,,,,,,,,,,,,,,,,,,,,,,,,,,,Faydat ibn suwayli...,,,,,,,,,,
,,,,,,,,,,,,,,,,,,,,,,,,,,,,,,,,Fudah,,,,,,,,,,
,,,,,,,,,,,,,,,,,,,,,,,,,,,,,,,,Fugwa,,,,,,,,,,
,,,,,,,,,,,,,,,,,,,,,,,,,,,,,,,,Ghamrah,,,,,,,,,,
,,,,,,,,,,,,,,,,,,,,,,,,,,,,,,,,Ghanwa,,,,,,,,,,
,,,,,,,,,,,,,,,,,,,,,,,,,,,,,,,,Ghizlan,,,,,,,,,,
,,,,,,,,,,,,,,,,,,,,,,,,,,,,,,,,Gran,,,,,,,,,,
,,,,,,,,,,,,,,,,,,,,,,,,,,,,,,,,Habil,,,,,,,,,,
,,,,,,,,,,,,,,,,,,,,,,,,,,,,,,,,Hada ash sham,,,,,,,,,,
,,,,,,,,,,,,,,,,,,,,,,,,,,,,,,,,Hadabah,,,,,,,,,,
,,,,,,,,,,,,,,,,,,,,,,,,,,,,,,,,Hadabah hamra,,,,,,,,,,
,,,,,,,,,,,,,,,,,,,,,,,,,,,,,,,,Hadah,,,,,,,,,,
,,,,,,,,,,,,,,,,,,,,,,,,,,,,,,,,Hadban,,,,,,,,,,
,,,,,,,,,,,,,,,,,,,,,,,,,,,,,,,,Hadhirah,,,,,,,,,,
,,,,,,,,,,,,,,,,,,,,,,,,,,,,,,,,Hadiyah,,,,,,,,,,
,,,,,,,,,,,,,,,,,,,,,,,,,,,,,,,,Hadrah,,,,,,,,,,
,,,,,,,,,,,,,,,,,,,,,,,,,,,,,,,,Hadram,,,,,,,,,,
,,,,,,,,,,,,,,,,,,,,,,,,,,,,,,,,Hadri,,,,,,,,,,
,,,,,,,,,,,,,,,,,,,,,,,,,,,,,,,,Hafar al atk,,,,,,,,,,
,,,,,,,,,,,,,,,,,,,,,,,,,,,,,,,,Hafir kishb,,,,,,,,,,
,,,,,,,,,,,,,,,,,,,,,,,,,,,,,,,,Hafirat nisah,,,,,,,,,,
,,,,,,,,,,,,,,,,,,,,,,,,,,,,,,,,Hafr albatin,,,,,,,,,,
,,,,,,,,,,,,,,,,,,,,,,,,,,,,,,,,Hagul,,,,,,,,,,
,,,,,,,,,,,,,,,,,,,,,,,,,,,,,,,,Haija muraqqa,,,,,,,,,,
,,,,,,,,,,,,,,,,,,,,,,,,,,,,,,,,Haitan,,,,,,,,,,
,,,,,,,,,,,,,,,,,,,,,,,,,,,,,,,,Hajambar,,,,,,,,,,
,,,,,,,,,,,,,,,,,,,,,,,,,,,,,,,,Hajar,,,,,,,,,,
,,,,,,,,,,,,,,,,,,,,,,,,,,,,,,,,Hajir ash shih,,,,,,,,,,
,,,,,,,,,,,,,,,,,,,,,,,,,,,,,,,,Hajr,,,,,,,,,,
,,,,,,,,,,,,,,,,,,,,,,,,,,,,,,,,Hajrufah,,,,,,,,,,
,,,,,,,,,,,,,,,,,,,,,,,,,,,,,,,,Halaban,,,,,,,,,,
,,,,,,,,,,,,,,,,,,,,,,,,,,,,,,,,Hamidh,,,,,,,,,,
,,,,,,,,,,,,,,,,,,,,,,,,,,,,,,,,Haradah,,,,,,,,,,
,,,,,,,,,,,,,,,,,,,,,,,,,,,,,,,,Harajah,,,,,,,,,,
,,,,,,,,,,,,,,,,,,,,,,,,,,,,,,,,Harf,,,,,,,,,,
,,,,,,,,,,,,,,,,,,,,,,,,,,,,,,,,Harma,,,,,,,,,,
,,,,,,,,,,,,,,,,,,,,,,,,,,,,,,,,Harshaf,,,,,,,,,,
,,,,,,,,,,,,,,,,,,,,,,,,,,,,,,,,Harub,,,,,,,,,,
,,,,,,,,,,,,,,,,,,,,,,,,,,,,,,,,Hawalah,,,,,,,,,,
,,,,,,,,,,,,,,,,,,,,,,,,,,,,,,,,Hayat,,,,,,,,,,
,,,,,,,,,,,,,,,,,,,,,,,,,,,,,,,,Hayil,,,,,,,,,,
,,,,,,,,,,,,,,,,,,,,,,,,,,,,,,,,Humran,,,,,,,,,,
,,,,,,,,,,,,,,,,,,,,,,,,,,,,,,,,Huraymala,,,,,,,,,,
,,,,,,,,,,,,,,,,,,,,,,,,,,,,,,,,Huwaytah,,,,,,,,,,
,,,,,,,,,,,,,,,,,,,,,,,,,,,,,,,,Ibdah,,,,,,,,,,
,,,,,,,,,,,,,,,,,,,,,,,,,,,,,,,,Ibn aish,,,,,,,,,,
,,,,,,,,,,,,,,,,,,,,,,,,,,,,,,,,Ibn sharar,,,,,,,,,,
,,,,,,,,,,,,,,,,,,,,,,,,,,,,,,,,Ibn shuraym,,,,,,,,,,
,,,,,,,,,,,,,,,,,,,,,,,,,,,,,,,,Ihmam,,,,,,,,,,
,,,,,,,,,,,,,,,,,,,,,,,,,,,,,,,,Industrial ciy,,,,,,,,,,
,,,,,,,,,,,,,,,,,,,,,,,,,,,,,,,,Ithrah,,,,,,,,,,
,,,,,,,,,,,,,,,,,,,,,,,,,,,,,,,,Jafn dabb,,,,,,,,,,
,,,,,,,,,,,,,,,,,,,,,,,,,,,,,,,,Jaizan,,,,,,,,,,
,,,,,,,,,,,,,,,,,,,,,,,,,,,,,,,,Jalajil,,,,,,,,,,
,,,,,,,,,,,,,,,,,,,,,,,,,,,,,,,,Jallal,,,,,,,,,,
,,,,,,,,,,,,,,,,,,,,,,,,,,,,,,,,Jash,,,,,,,,,,
,,,,,,,,,,,,,,,,,,,,,,,,,,,,,,,,Jaww,,,,,,,,,,
,,,,,,,,,,,,,,,,,,,,,,,,,,,,,,,,Jeddah,,,,,,,,,,
,,,,,,,,,,,,,,,,,,,,,,,,,,,,,,,,Jirab,,,,,,,,,,
,,,,,,,,,,,,,,,,,,,,,,,,,,,,,,,,Jubbah,,,,,,,,,,
,,,,,,,,,,,,,,,,,,,,,,,,,,,,,,,,Jufayfa,,,,,,,,,,
,,,,,,,,,,,,,,,,,,,,,,,,,,,,,,,,Juha,,,,,,,,,,
,,,,,,,,,,,,,,,,,,,,,,,,,,,,,,,,Julayyil,,,,,,,,,,
,,,,,,,,,,,,,,,,,,,,,,,,,,,,,,,,Jurumah,,,,,,,,,,
,,,,,,,,,,,,,,,,,,,,,,,,,,,,,,,,Juwai,,,,,,,,,,
,,,,,,,,,,,,,,,,,,,,,,,,,,,,,,,,Khafs daghrah,,,,,,,,,,
,,,,,,,,,,,,,,,,,,,,,,,,,,,,,,,,Khamis ash shahran,,,,,,,,,,
,,,,,,,,,,,,,,,,,,,,,,,,,,,,,,,,Khamis mushait,,,,,,,,,,
,,,,,,,,,,,,,,,,,,,,,,,,,,,,,,,,Khamis mushayt,,,,,,,,,,
,,,,,,,,,,,,,,,,,,,,,,,,,,,,,,,,Khamis mutayr,,,,,,,,,,
,,,,,,,,,,,,,,,,,,,,,,,,,,,,,,,,Kharkhir,,,,,,,,,,
,,,,,,,,,,,,,,,,,,,,,,,,,,,,,,,,Khashran,,,,,,,,,,
,,,,,,,,,,,,,,,,,,,,,,,,,,,,,,,,Khatib,,,,,,,,,,
,,,,,,,,,,,,,,,,,,,,,,,,,,,,,,,,Khaybar,,,,,,,,,,
,,,,,,,,,,,,,,,,,,,,,,,,,,,,,,,,Khayr,,,,,,,,,,
,,,,,,,,,,,,,,,,,,,,,,,,,,,,,,,,Khobar,,,,,,,,,,
,,,,,,,,,,,,,,,,,,,,,,,,,,,,,,,,Khumrah,,,,,,,,,,
,,,,,,,,,,,,,,,,,,,,,,,,,,,,,,,,Khuraysah,,,,,,,,,,
,,,,,,,,,,,,,,,,,,,,,,,,,,,,,,,,Khushal,,,,,,,,,,
,,,,,,,,,,,,,,,,,,,,,,,,,,,,,,,,Labkhah,,,,,,,,,,
,,,,,,,,,,,,,,,,,,,,,,,,,,,,,,,,Lailah,,,,,,,,,,
,,,,,,,,,,,,,,,,,,,,,,,,,,,,,,,,Lawqah,,,,,,,,,,
,,,,,,,,,,,,,,,,,,,,,,,,,,,,,,,,Linah,,,,,,,,,,
,,,,,,,,,,,,,,,,,,,,,,,,,,,,,,,,Lith,,,,,,,,,,
,,,,,,,,,,,,,,,,,,,,,,,,,,,,,,,,Madain salih,,,,,,,,,,
,,,,,,,,,,,,,,,,,,,,,,,,,,,,,,,,Madhan,,,,,,,,,,
,,,,,,,,,,,,,,,,,,,,,,,,,,,,,,,,Madrakah,,,,,,,,,,
,,,,,,,,,,,,,,,,,,,,,,,,,,,,,,,,Maghati,,,,,,,,,,
,,,,,,,,,,,,,,,,,,,,,,,,,,,,,,,,Magna,,,,,,,,,,
,,,,,,,,,,,,,,,,,,,,,,,,,,,,,,,,Mahalla,,,,,,,,,,
,,,,,,,,,,,,,,,,,,,,,,,,,,,,,,,,Mahd adh dhahab,,,,,,,,,,
,,,,,,,,,,,,,,,,,,,,,,,,,,,,,,,,Makkah,,,,,,,,,,
,,,,,,,,,,,,,,,,,,,,,,,,,,,,,,,,Malakan,,,,,,,,,,
,,,,,,,,,,,,,,,,,,,,,,,,,,,,,,,,Malha,,,,,,,,,,
,,,,,,,,,,,,,,,,,,,,,,,,,,,,,,,,Malham,,,,,,,,,,
,,,,,,,,,,,,,,,,,,,,,,,,,,,,,,,,Manakh,,,,,,,,,,
,,,,,,,,,,,,,,,,,,,,,,,,,,,,,,,,Marabah,,,,,,,,,,
,,,,,,,,,,,,,,,,,,,,,,,,,,,,,,,,Maraghan,,,,,,,,,,
,,,,,,,,,,,,,,,,,,,,,,,,,,,,,,,,Maraj as suban,,,,,,,,,,
,,,,,,,,,,,,,,,,,,,,,,,,,,,,,,,,Marat,,,,,,,,,,
,,,,,,,,,,,,,,,,,,,,,,,,,,,,,,,,Mashi,,,,,,,,,,
,,,,,,,,,,,,,,,,,,,,,,,,,,,,,,,,Masliyah,,,,,,,,,,
,,,,,,,,,,,,,,,,,,,,,,,,,,,,,,,,Maslum,,,,,,,,,,
,,,,,,,,,,,,,,,,,,,,,,,,,,,,,,,,Masturah,,,,,,,,,,
,,,,,,,,,,,,,,,,,,,,,,,,,,,,,,,,Mauqaq,,,,,,,,,,
,,,,,,,,,,,,,,,,,,,,,,,,,,,,,,,,Mawan,,,,,,,,,,
,,,,,,,,,,,,,,,,,,,,,,,,,,,,,,,,Mazraat sultanah,,,,,,,,,,
,,,,,,,,,,,,,,,,,,,,,,,,,,,,,,,,Mecca,,,,,,,,,,
,,,,,,,,,,,,,,,,,,,,,,,,,,,,,,,,Minwa,,,,,,,,,,
,,,,,,,,,,,,,,,,,,,,,,,,,,,,,,,,Mishash jurud,,,,,,,,,,
,,,,,,,,,,,,,,,,,,,,,,,,,,,,,,,,Mishlah,,,,,,,,,,
,,,,,,,,,,,,,,,,,,,,,,,,,,,,,,,,Mizhirah,,,,,,,,,,
,,,,,,,,,,,,,,,,,,,,,,,,,,,,,,,,Mubayid,,,,,,,,,,
,,,,,,,,,,,,,,,,,,,,,,,,,,,,,,,,Mudaysis,,,,,,,,,,
,,,,,,,,,,,,,,,,,,,,,,,,,,,,,,,,Mughayra,,,,,,,,,,
,,,,,,,,,,,,,,,,,,,,,,,,,,,,,,,,Muhayriqah,,,,,,,,,,
,,,,,,,,,,,,,,,,,,,,,,,,,,,,,,,,Mulayh,,,,,,,,,,
,,,,,,,,,,,,,,,,,,,,,,,,,,,,,,,,Mulayjah,,,,,,,,,,
,,,,,,,,,,,,,,,,,,,,,,,,,,,,,,,,Munifah,,,,,,,,,,
,,,,,,,,,,,,,,,,,,,,,,,,,,,,,,,,Musiddah,,,,,,,,,,
,,,,,,,,,,,,,,,,,,,,,,,,,,,,,,,,Muwayh,,,,,,,,,,
,,,,,,,,,,,,,,,,,,,,,,,,,,,,,,,,Naajan,,,,,,,,,,
,,,,,,,,,,,,,,,,,,,,,,,,,,,,,,,,Nabwan,,,,,,,,,,
,,,,,,,,,,,,,,,,,,,,,,,,,,,,,,,,Nafi,,,,,,,,,,
,,,,,,,,,,,,,,,,,,,,,,,,,,,,,,,,Najmah,,,,,,,,,,
,,,,,,,,,,,,,,,,,,,,,,,,,,,,,,,,Najran,,,,,,,,,,
,,,,,,,,,,,,,,,,,,,,,,,,,,,,,,,,Nimran,,,,,,,,,,
,,,,,,,,,,,,,,,,,,,,,,,,,,,,,,,,Nita,,,,,,,,,,
,,,,,,,,,,,,,,,,,,,,,,,,,,,,,,,,Nubayha,,,,,,,,,,
,,,,,,,,,,,,,,,,,,,,,,,,,,,,,,,,Qaisumah,,,,,,,,,,
,,,,,,,,,,,,,,,,,,,,,,,,,,,,,,,,Qana,,,,,,,,,,
,,,,,,,,,,,,,,,,,,,,,,,,,,,,,,,,Qaraqir,,,,,,,,,,
,,,,,,,,,,,,,,,,,,,,,,,,,,,,,,,,Qaryah,,,,,,,,,,
,,,,,,,,,,,,,,,,,,,,,,,,,,,,,,,,Qaryat as sufla,,,,,,,,,,
,,,,,,,,,,,,,,,,,,,,,,,,,,,,,,,,Qatif,,,,,,,,,,
,,,,,,,,,,,,,,,,,,,,,,,,,,,,,,,,Qaysumat fayhan,,,,,,,,,,
,,,,,,,,,,,,,,,,,,,,,,,,,,,,,,,,Qina,,,,,,,,,,
,,,,,,,,,,,,,,,,,,,,,,,,,,,,,,,,Qiya,,,,,,,,,,
,,,,,,,,,,,,,,,,,,,,,,,,,,,,,,,,Qusaiba,,,,,,,,,,
,,,,,,,,,,,,,,,,,,,,,,,,,,,,,,,,Qusayr matruk,,,,,,,,,,
,,,,,,,,,,,,,,,,,,,,,,,,,,,,,,,,Qusayriyat,,,,,,,,,,
,,,,,,,,,,,,,,,,,,,,,,,,,,,,,,,,Rabegh,,,,,,,,,,
,,,,,,,,,,,,,,,,,,,,,,,,,,,,,,,,Radwan,,,,,,,,,,
,,,,,,,,,,,,,,,,,,,,,,,,,,,,,,,,Rafhah,,,,,,,,,,
,,,,,,,,,,,,,,,,,,,,,,,,,,,,,,,,Raghadan,,,,,,,,,,
,,,,,,,,,,,,,,,,,,,,,,,,,,,,,,,,Raghwah,,,,,,,,,,
,,,,,,,,,,,,,,,,,,,,,,,,,,,,,,,,Rahman,,,,,,,,,,
,,,,,,,,,,,,,,,,,,,,,,,,,,,,,,,,Rakk,,,,,,,,,,
,,,,,,,,,,,,,,,,,,,,,,,,,,,,,,,,Ramadha,,,,,,,,,,
,,,,,,,,,,,,,,,,,,,,,,,,,,,,,,,,Ramdah,,,,,,,,,,
,,,,,,,,,,,,,,,,,,,,,,,,,,,,,,,,Ramlan,,,,,,,,,,
,,,,,,,,,,,,,,,,,,,,,,,,,,,,,,,,Rathah,,,,,,,,,,
,,,,,,,,,,,,,,,,,,,,,,,,,,,,,,,,Raudhah,,,,,,,,,,
,,,,,,,,,,,,,,,,,,,,,,,,,,,,,,,,Rawdat al hisu,,,,,,,,,,
,,,,,,,,,,,,,,,,,,,,,,,,,,,,,,,,Rawdat habbas,,,,,,,,,,
,,,,,,,,,,,,,,,,,,,,,,,,,,,,,,,,Rawdat qiradan,,,,,,,,,,
,,,,,,,,,,,,,,,,,,,,,,,,,,,,,,,,Rayyis,,,,,,,,,,
,,,,,,,,,,,,,,,,,,,,,,,,,,,,,,,,Ri harshah,,,,,,,,,,
,,,,,,,,,,,,,,,,,,,,,,,,,,,,,,,,Ri taqrib,,,,,,,,,,
,,,,,,,,,,,,,,,,,,,,,,,,,,,,,,,,Righlah,,,,,,,,,,
,,,,,,,,,,,,,,,,,,,,,,,,,,,,,,,,Riyadh,,,,,,,,,,
,,,,,,,,,,,,,,,,,,,,,,,,,,,,,,,,Rufai al luhayb,,,,,,,,,,
,,,,,,,,,,,,,,,,,,,,,,,,,,,,,,,,Ruwayghib,,,,,,,,,,
,,,,,,,,,,,,,,,,,,,,,,,,,,,,,,,,Saban,,,,,,,,,,
,,,,,,,,,,,,,,,,,,,,,,,,,,,,,,,,Sabya,,,,,,,,,,
,,,,,,,,,,,,,,,,,,,,,,,,,,,,,,,,Sadiliyah,,,,,,,,,,
,,,,,,,,,,,,,,,,,,,,,,,,,,,,,,,,Sadus,,,,,,,,,,
,,,,,,,,,,,,,,,,,,,,,,,,,,,,,,,,Saih,,,,,,,,,,
,,,,,,,,,,,,,,,,,,,,,,,,,,,,,,,,Sair,,,,,,,,,,
,,,,,,,,,,,,,,,,,,,,,,,,,,,,,,,,Sajir,,,,,,,,,,
,,,,,,,,,,,,,,,,,,,,,,,,,,,,,,,,Sakaka,,,,,,,,,,
,,,,,,,,,,,,,,,,,,,,,,,,,,,,,,,,Sakakah,,,,,,,,,,
,,,,,,,,,,,,,,,,,,,,,,,,,,,,,,,,Salam,,,,,,,,,,
,,,,,,,,,,,,,,,,,,,,,,,,,,,,,,,,Salasil,,,,,,,,,,
,,,,,,,,,,,,,,,,,,,,,,,,,,,,,,,,Salbukh,,,,,,,,,,
,,,,,,,,,,,,,,,,,,,,,,,,,,,,,,,,Salwah,,,,,,,,,,
,,,,,,,,,,,,,,,,,,,,,,,,,,,,,,,,Samakh,,,,,,,,,,
,,,,,,,,,,,,,,,,,,,,,,,,,,,,,,,,Samitah,,,,,,,,,,
,,,,,,,,,,,,,,,,,,,,,,,,,,,,,,,,Sarra,,,,,,,,,,
,,,,,,,,,,,,,,,,,,,,,,,,,,,,,,,,Sayhat,,,,,,,,,,
,,,,,,,,,,,,,,,,,,,,,,,,,,,,,,,,Sayyabah,,,,,,,,,,
,,,,,,,,,,,,,,,,,,,,,,,,,,,,,,,,Seban,,,,,,,,,,
,,,,,,,,,,,,,,,,,,,,,,,,,,,,,,,,Seir,,,,,,,,,,
,,,,,,,,,,,,,,,,,,,,,,,,,,,,,,,,Shaaibah,,,,,,,,,,
,,,,,,,,,,,,,,,,,,,,,,,,,,,,,,,,Shaar,,,,,,,,,,
,,,,,,,,,,,,,,,,,,,,,,,,,,,,,,,,Shagra,,,,,,,,,,
,,,,,,,,,,,,,,,,,,,,,,,,,,,,,,,,Shajwa,,,,,,,,,,
,,,,,,,,,,,,,,,,,,,,,,,,,,,,,,,,Sharafa,,,,,,,,,,
,,,,,,,,,,,,,,,,,,,,,,,,,,,,,,,,Shararah,,,,,,,,,,
,,,,,,,,,,,,,,,,,,,,,,,,,,,,,,,,Shari,,,,,,,,,,
,,,,,,,,,,,,,,,,,,,,,,,,,,,,,,,,Shariyah,,,,,,,,,,
,,,,,,,,,,,,,,,,,,,,,,,,,,,,,,,,Sharqa,,,,,,,,,,
,,,,,,,,,,,,,,,,,,,,,,,,,,,,,,,,Shawyah,,,,,,,,,,
,,,,,,,,,,,,,,,,,,,,,,,,,,,,,,,,Shifiyah,,,,,,,,,,
,,,,,,,,,,,,,,,,,,,,,,,,,,,,,,,,Shumran,,,,,,,,,,
,,,,,,,,,,,,,,,,,,,,,,,,,,,,,,,,Shuqayri,,,,,,,,,,
,,,,,,,,,,,,,,,,,,,,,,,,,,,,,,,,Sihmah,,,,,,,,,,
,,,,,,,,,,,,,,,,,,,,,,,,,,,,,,,,Sobh,,,,,,,,,,
,,,,,,,,,,,,,,,,,,,,,,,,,,,,,,,,Starah,,,,,,,,,,
,,,,,,,,,,,,,,,,,,,,,,,,,,,,,,,,Suaydan,,,,,,,,,,
,,,,,,,,,,,,,,,,,,,,,,,,,,,,,,,,Sultanah,,,,,,,,,,
,,,,,,,,,,,,,,,,,,,,,,,,,,,,,,,,Suq ayban,,,,,,,,,,
,,,,,,,,,,,,,,,,,,,,,,,,,,,,,,,,Suwayr,,,,,,,,,,
,,,,,,,,,,,,,,,,,,,,,,,,,,,,,,,,Tabah,,,,,,,,,,
,,,,,,,,,,,,,,,,,,,,,,,,,,,,,,,,Tabalah,,,,,,,,,,
,,,,,,,,,,,,,,,,,,,,,,,,,,,,,,,,Tabarjal,,,,,,,,,,
,,,,,,,,,,,,,,,,,,,,,,,,,,,,,,,,Taif,,,,,,,,,,
,,,,,,,,,,,,,,,,,,,,,,,,,,,,,,,,Taimah,,,,,,,,,,
,,,,,,,,,,,,,,,,,,,,,,,,,,,,,,,,Talhah,,,,,,,,,,
,,,,,,,,,,,,,,,,,,,,,,,,,,,,,,,,Tamrah,,,,,,,,,,
,,,,,,,,,,,,,,,,,,,,,,,,,,,,,,,,Tanim,,,,,,,,,,
,,,,,,,,,,,,,,,,,,,,,,,,,,,,,,,,Tanumah,,,,,,,,,,
,,,,,,,,,,,,,,,,,,,,,,,,,,,,,,,,Thadig,,,,,,,,,,
,,,,,,,,,,,,,,,,,,,,,,,,,,,,,,,,Thadij,,,,,,,,,,
,,,,,,,,,,,,,,,,,,,,,,,,,,,,,,,,Thaj,,,,,,,,,,
,,,,,,,,,,,,,,,,,,,,,,,,,,,,,,,,Thurayban,,,,,,,,,,
,,,,,,,,,,,,,,,,,,,,,,,,,,,,,,,,Tibrak,,,,,,,,,,
,,,,,,,,,,,,,,,,,,,,,,,,,,,,,,,,Timriyah,,,,,,,,,,
,,,,,,,,,,,,,,,,,,,,,,,,,,,,,,,,Tumayr,,,,,,,,,,
,,,,,,,,,,,,,,,,,,,,,,,,,,,,,,,,Turaba,,,,,,,,,,
,,,,,,,,,,,,,,,,,,,,,,,,,,,,,,,,Turabah,,,,,,,,,,
,,,,,,,,,,,,,,,,,,,,,,,,,,,,,,,,Turaifa,,,,,,,,,,
,,,,,,,,,,,,,,,,,,,,,,,,,,,,,,,,Tuwarin,,,,,,,,,,
,,,,,,,,,,,,,,,,,,,,,,,,,,,,,,,,Tuwayyah,,,,,,,,,,
,,,,,,,,,,,,,,,,,,,,,,,,,,,,,,,,Uaywij,,,,,,,,,,
,,,,,,,,,,,,,,,,,,,,,,,,,,,,,,,,Ukadh,,,,,,,,,,
,,,,,,,,,,,,,,,,,,,,,,,,,,,,,,,,Umair,,,,,,,,,,
,,,,,,,,,,,,,,,,,,,,,,,,,,,,,,,,Umm ad diyan,,,,,,,,,,
,,,,,,,,,,,,,,,,,,,,,,,,,,,,,,,,Umm al hamam,,,,,,,,,,
,,,,,,,,,,,,,,,,,,,,,,,,,,,,,,,,Umm al iyal,,,,,,,,,,
,,,,,,,,,,,,,,,,,,,,,,,,,,,,,,,,Umm al jamajim,,,,,,,,,,
,,,,,,,,,,,,,,,,,,,,,,,,,,,,,,,,Umm al qulban,,,,,,,,,,
,,,,,,,,,,,,,,,,,,,,,,,,,,,,,,,,Umm athlah,,,,,,,,,,
,,,,,,,,,,,,,,,,,,,,,,,,,,,,,,,,Umm dharb,,,,,,,,,,
,,,,,,,,,,,,,,,,,,,,,,,,,,,,,,,,Umm ghawr,,,,,,,,,,
,,,,,,,,,,,,,,,,,,,,,,,,,,,,,,,,Umm hazm,,,,,,,,,,
,,,,,,,,,,,,,,,,,,,,,,,,,,,,,,,,Umm ishar,,,,,,,,,,
,,,,,,,,,,,,,,,,,,,,,,,,,,,,,,,,Umm kharaq,,,,,,,,,,
,,,,,,,,,,,,,,,,,,,,,,,,,,,,,,,,Umm qulayb,,,,,,,,,,
,,,,,,,,,,,,,,,,,,,,,,,,,,,,,,,,Umm radamah,,,,,,,,,,
,,,,,,,,,,,,,,,,,,,,,,,,,,,,,,,,Umm rubayah,,,,,,,,,,
,,,,,,,,,,,,,,,,,,,,,,,,,,,,,,,,Umm rujum,,,,,,,,,,
,,,,,,,,,,,,,,,,,,,,,,,,,,,,,,,,Umm sarahah,,,,,,,,,,
,,,,,,,,,,,,,,,,,,,,,,,,,,,,,,,,Umm sudayrah,,,,,,,,,,
,,,,,,,,,,,,,,,,,,,,,,,,,,,,,,,,Unaizah,,,,,,,,,,
,,,,,,,,,,,,,,,,,,,,,,,,,,,,,,,,Uqlat ibn dani,,,,,,,,,,
,,,,,,,,,,,,,,,,,,,,,,,,,,,,,,,,Urayirah,,,,,,,,,,
,,,,,,,,,,,,,,,,,,,,,,,,,,,,,,,,Urayja,,,,,,,,,,
,,,,,,,,,,,,,,,,,,,,,,,,,,,,,,,,Uthaythiyah,,,,,,,,,,
,,,,,,,,,,,,,,,,,,,,,,,,,,,,,,,,Wasit,,,,,,,,,,
,,,,,,,,,,,,,,,,,,,,,,,,,,,,,,,,Yanbual bahr,,,,,,,,,,
,,,,,,,,,,,,,,,,,,,,,,,,,,,,,,,,Zabyah,,,,,,,,,,
,,,,,,,,,,,,,,,,,,,,,,,,,,,,,,,,Zahwah,,,,,,,,,,
,,,,,,,,,,,,,,,,,,,,,,,,,,,,,,,,Zibala,,,,,,,,,,